MC,CELKEM_PS,PS_ZPS,RES_PS,MIX_PS,VIS_PS,OTH_PS,RES_PS_ZPS,MIX_PS_ZPS,VIS_PS_ZPS,OTH_PS_ZPS,POCINVST,PA_cnt,IB_cnt,date
P01,8670,8045,6584,2047,0,39,6108,1911,0,26,195,90,0,2018-01-01
P02,12084,11475,7641,4443,0,0,7298,4177,0,0,119,125,0,2018-01-01
P03,9,9,9,0,0,0,9,0,0,0,0,0,0,2018-01-01
P05,9371,8819,4128,5000,243,0,3945,4658,216,0,137,110,0,2018-01-01
P06,18261,17367,10940,7313,8,0,10529,6830,8,0,222,163,0,2018-01-01
P08,12967,12463,8088,4768,111,0,7855,4514,94,0,159,93,0,2018-01-01
P01,8694,8065,6584,2071,0,39,6108,1931,0,26,198,90,0,2018-02-01
P02,12082,11473,7641,4441,0,0,7298,4175,0,0,119,125,0,2018-02-01
P03,14170,13579,10313,3857,0,0,9891,3688,0,0,162,122,0,2018-02-01
P05,9371,8819,4128,5000,243,0,3945,4658,216,0,137,110,0,2018-02-01
P06,18261,17367,10940,7313,8,0,10529,6830,8,0,222,163,0,2018-02-01
P07,9606,9156,6882,2130,562,32,6522,2099,535,0,88,90,0,2018-02-01
P08,12967,12463,8088,4768,111,0,7855,4514,94,0,159,93,0,2018-02-01
P13,61,56,0,0,61,0,0,0,56,0,5,2,0,2018-02-01
P16,20,18,0,0,20,0,0,0,18,0,2,1,0,2018-02-01
P22,126,120,0,0,126,0,0,0,120,0,4,3,0,2018-02-01
P01,8694,8065,6584,2071,0,39,6108,1931,0,26,198,90,0,2018-03-01
P02,12082,11473,7641,4441,0,0,7298,4175,0,0,119,125,0,2018-03-01
P03,14839,14221,10313,4526,0,0,9891,4330,0,0,178,122,0,2018-03-01
P05,9371,8819,4128,5000,243,0,3945,4658,216,0,137,110,0,2018-03-01
P06,18261,17367,10940,7313,8,0,10529,6830,8,0,222,163,0,2018-03-01
P07,9606,9156,6882,2130,562,32,6522,2099,535,0,89,90,0,2018-03-01
P08,12967,12463,8088,4768,111,0,7855,4514,94,0,159,93,0,2018-03-01
P13,61,56,0,0,61,0,0,0,56,0,5,2,0,2018-03-01
P16,20,18,0,0,20,0,0,0,18,0,2,1,0,2018-03-01
P22,126,120,0,0,126,0,0,0,120,0,4,3,0,2018-03-01
P01,8694,8065,6584,2071,0,39,6108,1931,0,26,198,90,0,2018-04-01
P02,12082,11473,7641,4441,0,0,7298,4175,0,0,119,125,0,2018-04-01
P03,14839,14221,10313,4526,0,0,9891,4330,0,0,178,122,0,2018-04-01
P05,9371,8819,4128,5000,243,0,3945,4658,216,0,137,110,0,2018-04-01
P06,18261,17367,10940,7313,8,0,10529,6830,8,0,222,163,0,2018-04-01
P07,9606,9156,6882,2130,562,32,6522,2099,535,0,89,90,0,2018-04-01
P08,13250,12745,8131,5008,111,0,7897,4754,94,0,160,93,0,2018-04-01
P13,61,56,0,0,61,0,0,0,56,0,5,2,0,2018-04-01
P16,20,18,0,0,20,0,0,0,18,0,2,1,0,2018-04-01
P22,126,120,0,0,126,0,0,0,120,0,4,3,0,2018-04-01
P01,8694,8065,6584,2071,0,39,6108,1931,0,26,198,90,0,2018-05-01
P02,12082,11473,7641,4441,0,0,7298,4175,0,0,119,125,0,2018-05-01
P03,14839,14221,10313,4526,0,0,9891,4330,0,0,178,122,0,2018-05-01
P05,9374,8822,4131,5000,243,0,3948,4658,216,0,137,110,0,2018-05-01
P06,18261,17367,10940,7313,8,0,10529,6830,8,0,222,163,0,2018-05-01
P07,9606,9156,6882,2130,562,32,6522,2099,535,0,89,90,0,2018-05-01
P08,13250,12745,8131,5008,111,0,7897,4754,94,0,160,93,0,2018-05-01
P13,61,56,0,0,61,0,0,0,56,0,5,2,0,2018-05-01
P16,20,18,0,0,20,0,0,0,18,0,2,1,0,2018-05-01
P22,126,120,0,0,126,0,0,0,120,0,4,3,0,2018-05-01
P01,8694,8065,6584,2071,0,39,6108,1931,0,26,198,90,0,2018-06-01
P02,12082,11473,7641,4441,0,0,7298,4175,0,0,119,125,0,2018-06-01
P03,14839,14221,10335,4504,0,0,9913,4308,0,0,178,122,0,2018-06-01
P04,3,3,3,0,0,0,3,0,0,0,0,0,0,2018-06-01
P05,9374,8822,4131,5000,243,0,3948,4658,216,0,137,110,0,2018-06-01
P06,18242,17350,10925,7309,8,0,10514,6828,8,0,220,163,0,2018-06-01
P07,9606,9156,6882,2130,562,32,6522,2099,535,0,89,90,0,2018-06-01
P08,13216,12711,8131,4974,111,0,7897,4720,94,0,160,93,0,2018-06-01
P13,61,56,0,0,61,0,0,0,56,0,5,2,0,2018-06-01
P16,20,18,0,0,20,0,0,0,18,0,2,1,0,2018-06-01
P22,126,120,0,0,126,0,0,0,120,0,4,3,0,2018-06-01
P01,8684,8055,6574,2071,0,39,6098,1931,0,26,198,90,0,2018-07-01
P02,12082,11473,7641,4441,0,0,7298,4175,0,0,119,125,0,2018-07-01
P03,14839,14221,10335,4504,0,0,9913,4308,0,0,178,122,0,2018-07-01
P04,16537,15761,8618,7690,229,0,8206,7343,212,0,280,139,0,2018-07-01
P05,9374,8822,4131,5000,243,0,3948,4658,216,0,137,110,0,2018-07-01
P06,18251,17358,10959,7287,5,0,10547,6806,5,0,220,164,0,2018-07-01
P07,9606,9156,6882,2130,562,32,6522,2099,535,0,89,90,0,2018-07-01
P08,13202,12697,8147,4944,111,0,7911,4692,94,0,163,93,0,2018-07-01
P13,61,56,0,0,61,0,0,0,56,0,5,2,0,2018-07-01
P16,20,18,0,0,20,0,0,0,18,0,2,1,0,2018-07-01
P22,126,120,0,0,126,0,0,0,120,0,4,3,0,2018-07-01
P01,8683,8049,6574,2078,0,31,6098,1933,0,18,198,90,0,2018-08-01
P02,12082,11473,7641,4441,0,0,7298,4175,0,0,119,125,0,2018-08-01
P03,14839,14221,10335,4504,0,0,9913,4308,0,0,177,122,0,2018-08-01
P04,16512,15736,8610,7673,229,0,8198,7326,212,0,279,139,0,2018-08-01
P05,9374,8822,4131,5000,243,0,3948,4658,216,0,137,110,0,2018-08-01
P06,18265,17372,10905,7355,5,0,10493,6874,5,0,221,164,0,2018-08-01
P07,9574,9156,6882,2130,562,0,6522,2099,535,0,89,90,0,2018-08-01
P08,13201,12696,8147,4943,111,0,7911,4691,94,0,164,93,0,2018-08-01
P13,61,56,0,0,61,0,0,0,56,0,5,2,0,2018-08-01
P16,20,18,0,0,20,0,0,0,18,0,2,1,0,2018-08-01
P22,126,120,0,0,126,0,0,0,120,0,4,3,0,2018-08-01
P01,8682,8047,6573,2078,0,31,6096,1933,0,18,198,90,0,2018-09-01
P02,12060,11448,7631,4429,0,0,7286,4162,0,0,119,125,0,2018-09-01
P03,14850,14231,10347,4503,0,0,9925,4306,0,0,177,122,0,2018-09-01
P04,16557,15774,8644,7684,229,0,8229,7333,212,0,280,139,0,2018-09-01
P05,9373,8817,4130,5000,243,0,3947,4654,216,0,177,110,0,2018-09-01
P06,18263,17369,10903,7355,5,0,10490,6874,5,0,221,164,0,2018-09-01
P07,9554,9134,6862,2130,562,0,6500,2099,535,0,89,90,0,2018-09-01
P08,13208,12700,8156,4941,111,0,7913,4693,94,0,167,94,0,2018-09-01
P13,61,56,0,0,61,0,0,0,56,0,5,2,0,2018-09-01
P16,20,18,0,0,20,0,0,0,18,0,2,1,0,2018-09-01
P22,126,120,0,0,126,0,0,0,120,0,4,3,0,2018-09-01
P01,8679,8045,6571,2077,0,31,6094,1933,0,18,197,90,0,2018-10-01
P02,12092,11493,7624,4468,0,0,7282,4211,0,0,119,125,0,2018-10-01
P03,14999,14404,10465,4534,0,0,10045,4359,0,0,175,122,0,2018-10-01
P04,16551,15772,8639,7683,229,0,8225,7335,212,0,284,139,0,2018-10-01
P05,9358,8804,4105,5012,241,0,3922,4666,216,0,177,110,0,2018-10-01
P06,18542,17651,11117,7420,5,0,10701,6945,5,0,217,165,0,2018-10-01
P07,9580,9162,6888,2130,562,0,6528,2099,535,0,89,90,0,2018-10-01
P08,13931,13403,8795,5019,117,0,8534,4769,100,0,168,96,0,2018-10-01
P13,61,56,0,0,61,0,0,0,56,0,5,2,0,2018-10-01
P16,20,18,0,0,20,0,0,0,18,0,2,1,0,2018-10-01
P22,126,120,0,0,126,0,0,0,120,0,4,3,0,2018-10-01
P01,8698,8042,6571,2096,0,31,6094,1930,0,18,197,90,0,2018-11-01
P02,12096,11490,7624,4472,0,0,7278,4212,0,0,119,125,0,2018-11-01
P03,14989,14395,10457,4532,0,0,10037,4358,0,0,175,122,0,2018-11-01
P04,16573,15793,8624,7720,229,0,8211,7370,212,0,282,142,0,2018-11-01
P05,9358,8804,4105,5012,241,0,3922,4666,216,0,177,110,0,2018-11-01
P06,18548,17657,11123,7420,5,0,10707,6945,5,0,217,165,0,2018-11-01
P07,9560,9149,6888,2130,542,0,6530,2099,520,0,88,90,0,2018-11-01
P08,13937,13413,8791,5037,109,0,8533,4786,94,0,168,96,0,2018-11-01
P13,61,56,0,0,61,0,0,0,56,0,5,2,0,2018-11-01
P16,20,18,0,0,20,0,0,0,18,0,2,1,0,2018-11-01
P22,126,120,0,0,126,0,0,0,120,0,4,3,0,2018-11-01
P01,8682,8026,6555,2096,0,31,6078,1930,0,18,197,90,0,2018-12-01
P02,12120,11515,7648,4472,0,0,7303,4212,0,0,119,125,0,2018-12-01
P03,14947,14354,10431,4516,0,0,10010,4344,0,0,171,123,0,2018-12-01
P04,16586,15807,8637,7720,229,0,8225,7370,212,0,282,142,0,2018-12-01
P05,10172,9599,4883,5063,226,0,4682,4710,207,0,187,111,0,2018-12-01
P06,21897,20920,13544,8348,5,0,13079,7836,5,0,252,189,0,2018-12-01
P07,9638,9226,6901,2158,579,0,6545,2127,554,0,89,93,0,2018-12-01
P08,15121,14539,9815,5197,109,0,9507,4938,94,0,177,99,0,2018-12-01
P13,61,56,0,0,61,0,0,0,56,0,5,2,0,2018-12-01
P16,20,18,0,0,20,0,0,0,18,0,2,1,0,2018-12-01
P22,126,120,0,0,126,0,0,0,120,0,4,3,0,2018-12-01
P01,8668,8014,6542,2095,0,31,6067,1929,0,18,197,90,0,2019-01-01
P02,12109,11492,7645,4464,0,0,7291,4201,0,0,119,125,0,2019-01-01
P03,14960,14366,10444,4516,0,0,10019,4347,0,0,175,123,0,2019-01-01
P04,16588,15809,8637,7722,229,0,8225,7372,212,0,282,142,0,2019-01-01
P05,10153,9575,4865,5062,226,0,4660,4708,207,0,187,111,0,2019-01-01
P06,21907,20943,13562,8340,5,0,13099,7839,5,0,250,189,0,2019-01-01
P07,9643,9232,6918,2147,578,0,6564,2116,552,0,89,94,0,2019-01-01
P08,15192,14608,9815,5268,109,0,9509,5005,94,0,177,99,0,2019-01-01
P13,61,56,0,0,61,0,0,0,56,0,5,2,0,2019-01-01
P16,20,18,0,0,20,0,0,0,18,0,2,1,0,2019-01-01
P22,126,120,0,0,126,0,0,0,120,0,4,3,0,2019-01-01
P01,8667,8013,6543,2093,0,31,6068,1927,0,18,196,90,0,2019-02-01
P02,12109,11492,7645,4464,0,0,7292,4200,0,0,119,125,0,2019-02-01
P03,14948,14354,10444,4504,0,0,10019,4335,0,0,176,123,0,2019-02-01
P04,16588,15810,8637,7722,229,0,8225,7373,212,0,283,142,0,2019-02-01
P05,10153,9577,4865,5062,226,0,4662,4708,207,0,187,111,0,2019-02-01
P06,21886,20922,13554,8327,5,0,13091,7826,5,0,250,189,0,2019-02-01
P07,9632,9221,6918,2136,578,0,6565,2104,552,0,87,94,0,2019-02-01
P08,15190,14606,9813,5268,109,0,9507,5005,94,0,177,99,0,2019-02-01
P13,61,56,0,0,61,0,0,0,56,0,5,2,0,2019-02-01
P16,20,18,0,0,20,0,0,0,18,0,2,1,0,2019-02-01
P22,126,120,0,0,126,0,0,0,120,0,4,3,0,2019-02-01
P01,8669,8016,6545,2093,0,31,6072,1926,0,18,196,90,0,2019-03-01
P02,12107,11488,7659,4448,0,0,7304,4184,0,0,119,125,0,2019-03-01
P03,14961,14365,10450,4511,0,0,10024,4341,0,0,176,122,0,2019-03-01
P04,16588,15810,8637,7722,229,0,8225,7373,212,0,283,142,0,2019-03-01
P05,10035,9472,4856,4953,226,0,4657,4609,206,0,185,111,0,2019-03-01
P06,21936,20975,13567,8364,5,0,13106,7864,5,0,250,189,0,2019-03-01
P07,9632,9222,6918,2136,578,0,6566,2104,552,0,87,94,0,2019-03-01
P08,15189,14606,9812,5268,109,0,9506,5006,94,0,177,99,0,2019-03-01
P13,61,56,0,0,61,0,0,0,56,0,5,2,0,2019-03-01
P16,20,18,0,0,20,0,0,0,18,0,2,1,0,2019-03-01
P22,126,120,0,0,126,0,0,0,120,0,4,3,0,2019-03-01
P01,8667,8014,6541,2095,0,31,6068,1928,0,18,195,90,0,2019-04-01
P02,12116,11491,7668,4448,0,0,7307,4184,0,0,119,125,0,2019-04-01
P03,14960,14364,10448,4512,0,0,10021,4343,0,0,176,122,0,2019-04-01
P04,16548,15760,8642,7677,229,0,8230,7318,212,0,280,142,0,2019-04-01
P05,10140,9573,4856,5058,226,0,4658,4709,206,0,191,111,0,2019-04-01
P06,21941,20968,13570,8366,5,0,13103,7860,5,0,248,189,0,2019-04-01
P07,9632,9225,6918,2136,578,0,6569,2104,552,0,87,94,0,2019-04-01
P08,15190,14610,9813,5268,109,0,9509,5007,94,0,177,99,0,2019-04-01
P13,61,56,0,0,61,0,0,0,56,0,5,2,0,2019-04-01
P16,20,18,0,0,20,0,0,0,18,0,2,1,0,2019-04-01
P22,126,120,0,0,126,0,0,0,120,0,4,3,0,2019-04-01
P01,8647,7999,6521,2095,0,31,6051,1930,0,18,189,90,0,2019-05-01
P02,12064,11439,7632,4432,0,0,7271,4168,0,0,119,125,0,2019-05-01
P03,14961,14362,10449,4512,0,0,10019,4343,0,0,178,122,0,2019-05-01
P04,16337,15555,8616,7492,229,0,8206,7137,212,0,280,141,0,2019-05-01
P05,10140,9573,4894,5020,226,0,4695,4672,206,0,191,111,0,2019-05-01
P06,21932,20968,13561,8366,5,0,13098,7865,5,0,248,189,0,2019-05-01
P07,9632,9224,6918,2136,578,0,6568,2104,552,0,87,94,0,2019-05-01
P08,15188,14611,9811,5268,109,0,9510,5007,94,0,177,99,0,2019-05-01
P13,61,56,0,0,61,0,0,0,56,0,5,2,0,2019-05-01
P16,20,18,0,0,20,0,0,0,18,0,2,1,0,2019-05-01
P22,126,120,0,0,126,0,0,0,120,0,4,3,0,2019-05-01
P01,8646,7998,6520,2095,0,31,6050,1930,0,18,189,90,0,2019-06-01
P02,12086,11407,7654,4432,0,0,7291,4116,0,0,119,125,0,2019-06-01
P03,14993,14393,10481,4512,0,0,10050,4343,0,0,176,122,0,2019-06-01
P04,16318,15535,8594,7495,229,0,8183,7140,212,0,282,141,0,2019-06-01
P05,10140,9569,4894,5020,226,0,4695,4668,206,0,191,112,0,2019-06-01
P06,21909,20943,13541,8363,5,0,13076,7862,5,0,249,188,0,2019-06-01
P07,9715,9288,6918,2219,578,0,6570,2166,552,0,87,95,0,2019-06-01
P08,15188,14610,9811,5268,109,0,9509,5007,94,0,177,99,0,2019-06-01
P13,61,56,0,0,61,0,0,0,56,0,5,2,0,2019-06-01
P16,20,18,0,0,20,0,0,0,18,0,2,1,0,2019-06-01
P22,126,120,0,0,126,0,0,0,120,0,4,3,0,2019-06-01
P01,8647,8003,6520,2096,0,31,6054,1931,0,18,189,90,0,2019-07-01
P02,12044,11364,7703,4341,0,0,7336,4028,0,0,118,125,0,2019-07-01
P03,14993,14393,10481,4512,0,0,10050,4343,0,0,175,122,0,2019-07-01
P04,16578,15792,8839,7510,229,0,8426,7154,212,0,282,141,0,2019-07-01
P05,10136,9565,4890,5020,226,0,4691,4668,206,0,191,112,0,2019-07-01
P06,21906,20933,13537,8364,5,0,13070,7858,5,0,249,188,0,2019-07-01
P07,9717,9289,6918,2219,580,0,6569,2166,554,0,93,95,0,2019-07-01
P08,15178,14599,9802,5267,109,0,9499,5006,94,0,175,99,0,2019-07-01
P13,61,56,0,0,61,0,0,0,56,0,5,2,0,2019-07-01
P16,20,18,0,0,20,0,0,0,18,0,2,1,0,2019-07-01
P22,126,120,0,0,126,0,0,0,120,0,4,3,0,2019-07-01
P01,8645,8004,6520,2094,0,31,6060,1926,0,18,189,90,0,2019-08-01
P02,12046,11365,7705,4341,0,0,7336,4029,0,0,118,125,0,2019-08-01
P03,14994,14390,10482,4512,0,0,10047,4343,0,0,175,122,0,2019-08-01
P04,16334,15619,8602,7503,229,0,8221,7184,214,0,214,141,0,2019-08-01
P05,10136,9564,4890,5020,226,0,4691,4667,206,0,191,112,0,2019-08-01
P06,21912,20939,13543,8364,5,0,13076,7858,5,0,249,188,0,2019-08-01
P07,9717,9289,6918,2219,580,0,6569,2166,554,0,93,95,0,2019-08-01
P08,15165,14584,9788,5268,109,0,9483,5007,94,0,175,99,0,2019-08-01
P13,61,56,0,0,61,0,0,0,56,0,5,2,0,2019-08-01
P16,20,18,0,0,20,0,0,0,18,0,2,1,0,2019-08-01
P22,126,120,0,0,126,0,0,0,120,0,4,3,0,2019-08-01
P01,8629,7993,6494,2104,0,31,6037,1938,0,18,188,90,0,2019-09-01
P02,12044,11361,7705,4339,0,0,7335,4026,0,0,118,125,0,2019-09-01
P03,14953,14360,10441,4512,0,0,10016,4344,0,0,174,122,0,2019-09-01
P04,16331,15635,8599,7503,229,0,8226,7195,214,0,194,141,0,2019-09-01
P05,10138,9574,4890,5022,226,0,4698,4670,206,0,191,112,0,2019-09-01
P06,21889,20915,13520,8364,5,0,13054,7856,5,0,249,188,0,2019-09-01
P07,9717,9292,6918,2219,580,0,6572,2166,554,0,94,95,0,2019-09-01
P08,15165,14590,9788,5268,109,0,9488,5008,94,0,175,99,0,2019-09-01
P13,61,56,0,0,61,0,0,0,56,0,5,2,0,2019-09-01
P16,20,18,0,0,20,0,0,0,18,0,2,1,0,2019-09-01
P22,126,120,0,0,126,0,0,0,120,0,4,3,0,2019-09-01
P01,8621,8006,6489,2101,0,31,6040,1948,0,18,188,90,0,2019-10-01
P02,12026,11351,7688,4338,0,0,7326,4025,0,0,120,125,0,2019-10-01
P03,14918,14322,10458,4460,0,0,10030,4292,0,0,172,122,0,2019-10-01
P04,16316,15627,8599,7488,229,0,8229,7184,214,0,194,141,0,2019-10-01
P05,10129,9566,4881,5022,226,0,4689,4671,206,0,191,112,0,2019-10-01
P06,21879,20907,13520,8354,5,0,13056,7846,5,0,250,188,0,2019-10-01
P07,9715,9290,6917,2218,580,0,6571,2165,554,0,94,95,0,2019-10-01
P08,14983,14410,9824,5050,109,0,9525,4791,94,0,175,99,0,2019-10-01
P13,61,56,0,0,61,0,0,0,56,0,5,2,0,2019-10-01
P16,20,18,0,0,20,0,0,0,18,0,2,1,0,2019-10-01
P22,126,120,0,0,126,0,0,0,120,0,4,3,0,2019-10-01
P01,8641,8019,6499,2111,0,31,6045,1956,0,18,189,90,0,2019-11-01
P02,12025,11352,7687,4338,0,0,7327,4025,0,0,118,125,0,2019-11-01
P03,14927,14330,10458,4469,0,0,10030,4300,0,0,171,122,0,2019-11-01
P04,16316,15625,8599,7488,229,0,8228,7183,214,0,194,141,0,2019-11-01
P05,12742,12149,7380,5136,226,0,7159,4784,206,0,198,117,0,2019-11-01
P06,25979,24920,17108,8866,5,0,16574,8341,5,0,266,200,0,2019-11-01
P07,9715,9289,6917,2218,580,0,6570,2165,554,0,94,95,0,2019-11-01
P08,14979,14406,9820,5050,109,0,9521,4791,94,0,175,99,0,2019-11-01
P13,61,56,0,0,61,0,0,0,56,0,5,2,0,2019-11-01
P16,20,18,0,0,20,0,0,0,18,0,2,1,0,2019-11-01
P22,126,120,0,0,126,0,0,0,120,0,4,3,0,2019-11-01
P01,8641,8020,6497,2113,0,31,6044,1958,0,18,188,90,0,2019-12-01
P02,12025,11353,7737,4288,0,0,7371,3982,0,0,118,125,0,2019-12-01
P03,14919,14322,10450,4469,0,0,10022,4300,0,0,172,122,0,2019-12-01
P04,22657,21825,13385,9067,205,0,12911,8722,192,0,228,183,0,2019-12-01
P05,12729,12148,7367,5136,226,0,7146,4793,209,0,198,117,0,2019-12-01
P06,25979,24920,17108,8866,5,0,16574,8341,5,0,266,200,0,2019-12-01
P07,9693,9267,6913,2218,562,0,6566,2165,536,0,94,94,0,2019-12-01
P08,15013,14444,9854,5050,109,0,9558,4792,94,0,175,99,0,2019-12-01
P13,61,56,0,0,61,0,0,0,56,0,5,2,0,2019-12-01
P16,20,18,0,0,20,0,0,0,18,0,2,1,0,2019-12-01
P22,126,120,0,0,126,0,0,0,120,0,4,3,0,2019-12-01
P01,8644,8029,6505,2108,0,31,6058,1953,0,18,188,90,0,2020-01-01
P02,12025,11352,7737,4288,0,0,7370,3982,0,0,118,123,0,2020-01-01
P03,14919,14322,10450,4469,0,0,10022,4300,0,0,172,123,0,2020-01-01
P04,22663,21829,13385,9073,205,0,12909,8728,192,0,228,184,0,2020-01-01
P05,12727,12145,7367,5134,226,0,7144,4792,209,0,198,117,0,2020-01-01
P06,25938,24874,17069,8864,5,0,16537,8332,5,0,266,200,0,2020-01-01
P07,9698,9270,6918,2218,562,0,6574,2162,534,0,95,94,0,2020-01-01
P08,15010,14447,9854,5047,109,0,9557,4796,94,0,175,99,0,2020-01-01
P09,3815,3668,0,3815,0,0,0,3668,0,0,47,65,0,2020-01-01
P13,61,56,0,0,61,0,0,0,56,0,5,2,0,2020-01-01
P16,20,18,0,0,20,0,0,0,18,0,2,1,0,2020-01-01
P22,126,120,0,0,126,0,0,0,120,0,4,3,0,2020-01-01
P01,8640,8028,6503,2106,0,31,6059,1951,0,18,187,90,0,2020-02-01
P02,12025,11353,7733,4292,0,0,7367,3986,0,0,118,123,0,2020-02-01
P03,14918,14325,10449,4469,0,0,10022,4303,0,0,173,123,0,2020-02-01
P04,22679,21839,13401,9073,205,0,12923,8724,192,0,226,184,0,2020-02-01
P05,12725,12146,7366,5133,226,0,7145,4792,209,0,198,117,0,2020-02-01
P06,25930,24873,17062,8863,5,0,16536,8332,5,0,266,200,0,2020-02-01
P07,9739,9311,6937,2240,562,0,6593,2184,534,0,96,94,0,2020-02-01
P08,15011,14445,9855,5047,109,0,9555,4796,94,0,175,98,0,2020-02-01
P09,3812,3661,0,3812,0,0,0,3661,0,0,47,65,0,2020-02-01
P13,61,56,0,0,61,0,0,0,56,0,5,2,0,2020-02-01
P16,20,18,0,0,20,0,0,0,18,0,2,1,0,2020-02-01
P22,126,120,0,0,126,0,0,0,120,0,4,3,0,2020-02-01
P01,8625,8027,6528,2097,0,0,6083,1944,0,0,187,90,0,2020-03-01
P02,12026,11400,7734,4292,0,0,7366,4034,0,0,118,112,0,2020-03-01
P03,14915,14327,10446,4469,0,0,10022,4305,0,0,172,123,0,2020-03-01
P04,22644,21810,13366,9073,205,0,12893,8725,192,0,227,184,0,2020-03-01
P05,12728,12148,7369,5257,102,0,7148,4912,88,0,198,117,0,2020-03-01
P06,25931,24873,17063,8863,5,0,16537,8331,5,0,267,200,0,2020-03-01
P07,9752,9327,6937,2253,562,0,6594,2197,536,0,96,94,0,2020-03-01
P08,15010,14447,9854,5047,109,0,9557,4796,94,0,175,98,0,2020-03-01
P09,3810,3661,0,3810,0,0,0,3661,0,0,47,65,0,2020-03-01
P13,61,56,0,0,61,0,0,0,56,0,5,2,0,2020-03-01
P16,20,18,0,0,20,0,0,0,18,0,2,1,0,2020-03-01
P22,126,120,0,0,126,0,0,0,120,0,4,3,0,2020-03-01
P01,8625,8027,6528,2097,0,0,6083,1944,0,0,187,90,0,2020-04-01
P02,12020,11394,8264,3756,0,0,7880,3514,0,0,118,112,0,2020-04-01
P03,14934,14343,10465,4469,0,0,10039,4304,0,0,174,123,0,2020-04-01
P04,22625,21788,13333,9090,202,0,12858,8738,192,0,227,184,0,2020-04-01
P05,12728,12148,7369,5257,102,0,7148,4912,88,0,198,117,0,2020-04-01
P06,25929,24869,17059,8865,5,0,16532,8332,5,0,267,200,0,2020-04-01
P07,9746,9330,6937,2253,556,0,6594,2197,539,0,96,94,0,2020-04-01
P08,15008,14444,9854,5045,109,0,9555,4795,94,0,175,98,0,2020-04-01
P09,3810,3661,0,3810,0,0,0,3661,0,0,47,65,0,2020-04-01
P13,61,56,0,0,61,0,0,0,56,0,5,2,0,2020-04-01
P16,20,18,0,0,20,0,0,0,18,0,2,1,0,2020-04-01
P22,126,120,0,0,126,0,0,0,120,0,4,3,0,2020-04-01
P01,8625,8027,6528,2097,0,0,6083,1944,0,0,187,89,0,2020-05-01
P02,12020,11392,8264,3756,0,0,7877,3515,0,0,118,113,0,2020-05-01
P03,14970,14376,10499,4471,0,0,10071,4305,0,0,175,123,0,2020-05-01
P04,22615,21767,13331,9082,202,0,12849,8726,192,0,228,185,0,2020-05-01
P05,12750,12164,7391,5257,102,0,7165,4911,88,0,198,117,0,2020-05-01
P06,25924,24869,17054,8865,5,0,16534,8330,5,0,267,200,0,2020-05-01
P07,9753,9335,6936,2253,564,0,6591,2197,547,0,97,94,0,2020-05-01
P08,15008,14446,9854,5045,109,0,9556,4796,94,0,175,97,0,2020-05-01
P09,3810,3662,0,3810,0,0,0,3662,0,0,47,65,0,2020-05-01
P13,61,56,0,0,61,0,0,0,56,0,5,2,0,2020-05-01
P16,20,18,0,0,20,0,0,0,18,0,2,1,0,2020-05-01
P22,126,120,0,0,126,0,0,0,120,0,4,3,0,2020-05-01
P01,8622,8024,6525,2097,0,0,6080,1944,0,0,187,89,0,2020-06-01
P02,12020,11393,8264,3756,0,0,7876,3517,0,0,118,113,0,2020-06-01
P03,14958,14366,10498,4460,0,0,10071,4295,0,0,176,123,0,2020-06-01
P04,22633,21791,13334,9097,202,0,12856,8743,192,0,228,185,0,2020-06-01
P05,12750,12163,7391,5257,102,0,7165,4910,88,0,198,117,0,2020-06-01
P06,25923,24874,17030,8888,5,0,16521,8348,5,0,267,201,0,2020-06-01
P07,9763,9347,6939,2253,569,2,6601,2196,550,0,97,94,0,2020-06-01
P08,15008,14446,9854,5045,109,0,9555,4797,94,0,175,97,0,2020-06-01
P09,3809,3661,0,3809,0,0,0,3661,0,0,47,65,0,2020-06-01
P13,61,56,0,0,61,0,0,0,56,0,5,2,0,2020-06-01
P16,20,18,0,0,20,0,0,0,18,0,2,1,0,2020-06-01
P22,126,120,0,0,126,0,0,0,120,0,4,3,0,2020-06-01
P01,8616,8018,6523,2093,0,0,6079,1939,0,0,189,89,0,2020-07-01
P02,12021,11392,8271,3750,0,0,7881,3511,0,0,118,113,0,2020-07-01
P03,14958,14370,10498,4460,0,0,10073,4297,0,0,176,123,0,2020-07-01
P04,22632,21792,13333,9097,202,0,12855,8745,192,0,228,185,0,2020-07-01
P05,12749,12161,7390,5257,102,0,7163,4910,88,0,198,117,0,2020-07-01
P06,25925,24883,17032,8888,5,0,16526,8352,5,0,267,201,0,2020-07-01
P07,9770,9353,6945,2254,569,2,6606,2197,550,0,97,94,0,2020-07-01
P08,15008,14448,9854,5045,109,0,9557,4797,94,0,175,98,0,2020-07-01
P09,3809,3661,0,3809,0,0,0,3661,0,0,47,65,0,2020-07-01
P13,61,56,0,0,61,0,0,0,56,0,5,2,0,2020-07-01
P16,20,18,0,0,20,0,0,0,18,0,2,1,0,2020-07-01
P22,126,120,0,0,126,0,0,0,120,0,4,3,0,2020-07-01
P01,8596,7995,6517,2079,0,0,6075,1920,0,0,191,89,0,2020-08-01
P02,11993,11363,8253,3740,0,0,7864,3499,0,0,118,113,0,2020-08-01
P03,14994,14405,11568,3426,0,0,11110,3295,0,0,176,102,10,2020-08-01
P04,22630,21795,13331,9097,202,0,12856,8747,192,0,227,185,0,2020-08-01
P05,12746,12158,7387,5257,102,0,7160,4910,88,0,198,116,0,2020-08-01
P06,25895,24859,17088,8802,5,0,16579,8275,5,0,267,190,10,2020-08-01
P07,9713,9295,6948,2194,569,2,6607,2138,550,0,98,94,0,2020-08-01
P08,15001,14430,9854,5038,109,0,9552,4784,94,0,178,98,0,2020-08-01
P09,3809,3656,0,3809,0,0,0,3656,0,0,47,65,0,2020-08-01
P10,9286,8938,5435,3817,34,0,5256,3648,34,0,63,50,0,2020-08-01
P13,61,56,0,0,61,0,0,0,56,0,5,2,0,2020-08-01
P16,20,18,0,0,20,0,0,0,18,0,2,1,0,2020-08-01
P22,126,120,0,0,126,0,0,0,120,0,4,3,0,2020-08-01
P01,8567,7968,6514,2053,0,0,6075,1893,0,0,188,89,0,2020-09-01
P02,11989,11356,8249,3740,0,0,7855,3501,0,0,119,113,0,2020-09-01
P03,14987,14398,11568,3419,0,0,11109,3289,0,0,175,102,10,2020-09-01
P04,22628,21791,13329,9097,202,0,12853,8746,192,0,227,185,0,2020-09-01
P05,12719,12131,7377,5240,102,0,7150,4893,88,0,198,116,0,2020-09-01
P06,25937,24899,17087,8845,5,0,16577,8317,5,0,267,191,10,2020-09-01
P07,9714,9287,6945,2198,569,2,6597,2140,550,0,100,69,25,2020-09-01
P08,15014,14443,9865,5040,109,0,9564,4785,94,0,178,83,15,2020-09-01
P09,3809,3656,0,3809,0,0,0,3656,0,0,47,66,0,2020-09-01
P10,9286,8932,5435,3817,34,0,5254,3644,34,0,63,50,0,2020-09-01
P13,61,56,0,0,61,0,0,0,56,0,5,2,0,2020-09-01
P16,20,18,0,0,20,0,0,0,18,0,2,1,0,2020-09-01
P22,126,120,0,0,126,0,0,0,120,0,4,3,0,2020-09-01
P01,8569,7968,6547,2022,0,0,6105,1863,0,0,188,88,0,2020-10-01
P02,11989,11356,8249,3740,0,0,7855,3501,0,0,119,113,0,2020-10-01
P03,15001,14413,11582,3419,0,0,11124,3289,0,0,175,103,10,2020-10-01
P04,22628,21794,13329,9097,202,0,12856,8746,192,0,227,185,0,2020-10-01
P05,12719,12135,7377,5240,102,0,7151,4897,87,0,198,117,0,2020-10-01
P06,25916,24881,17088,8823,5,0,16577,8299,5,0,267,191,10,2020-10-01
P07,9714,9288,6945,2198,569,2,6598,2140,550,0,100,69,25,2020-10-01
P08,15020,14443,9865,5046,109,0,9564,4785,94,0,178,83,15,2020-10-01
P09,3809,3656,0,3809,0,0,0,3656,0,0,47,66,0,2020-10-01
P10,15626,15104,10280,5284,62,0,9966,5078,60,0,88,76,0,2020-10-01
P13,61,56,0,0,61,0,0,0,56,0,5,2,0,2020-10-01
P16,20,18,0,0,20,0,0,0,18,0,2,1,0,2020-10-01
P22,126,120,0,0,126,0,0,0,120,0,4,3,0,2020-10-01
P01,8571,7970,6549,2022,0,0,6107,1863,0,0,186,87,0,2020-11-01
P02,11989,11355,8249,3740,0,0,7854,3501,0,0,119,113,0,2020-11-01
P03,15075,14486,11656,3419,0,0,11197,3289,0,0,173,104,10,2020-11-01
P04,22702,21866,13387,9113,202,0,12912,8762,192,0,229,185,0,2020-11-01
P05,12739,12155,7383,5254,102,0,7157,4911,87,0,196,101,16,2020-11-01
P06,27806,26726,18866,8935,5,0,18317,8404,5,0,272,195,10,2020-11-01
P07,9714,9289,6945,2198,569,2,6599,2140,550,0,100,69,25,2020-11-01
P08,15080,14502,9920,5051,109,0,9618,4790,94,0,179,82,15,2020-11-01
P09,3808,3655,0,3808,0,0,0,3655,0,0,47,66,0,2020-11-01
P10,19737,19083,13624,6051,62,0,13215,5808,60,0,105,76,0,2020-11-01
P13,61,56,0,0,61,0,0,0,56,0,5,2,0,2020-11-01
P16,20,18,0,0,20,0,0,0,18,0,2,1,0,2020-11-01
P22,126,120,0,0,126,0,0,0,120,0,4,3,0,2020-11-01
P01,8576,7978,6551,2025,0,0,6112,1866,0,0,183,87,0,2020-12-01
P02,11992,11363,8285,3707,0,0,7896,3467,0,0,119,113,0,2020-12-01
P03,15077,14485,11658,3419,0,0,11196,3289,0,0,173,105,10,2020-12-01
P04,22760,21925,13446,9112,202,0,12972,8761,192,0,231,185,0,2020-12-01
P05,12761,12178,7387,5272,102,0,7161,4930,87,0,196,101,16,2020-12-01
P06,27780,26697,18849,8926,5,0,18299,8393,5,0,273,195,10,2020-12-01
P07,9711,9285,6942,2198,569,2,6595,2140,550,0,101,69,25,2020-12-01
P08,15119,14543,9921,5089,109,0,9621,4828,94,0,179,83,16,2020-12-01
P09,3808,3655,0,3808,0,0,0,3655,0,0,47,66,0,2020-12-01
P10,19735,19081,13623,6050,62,0,13213,5808,60,0,105,91,0,2020-12-01
P13,61,56,0,0,61,0,0,0,56,0,5,2,0,2020-12-01
P16,20,18,0,0,20,0,0,0,18,0,2,1,0,2020-12-01
P22,126,120,0,0,126,0,0,0,120,0,4,3,0,2020-12-01
P01,8576,7979,6551,2025,0,0,6113,1866,0,0,184,87,0,2021-01-01
P02,11993,11363,8286,3707,0,0,7896,3467,0,0,119,113,0,2021-01-01
P03,15077,14484,11658,3419,0,0,11195,3289,0,0,174,105,10,2021-01-01
P04,22766,21929,13452,9112,202,0,12977,8760,192,0,232,185,0,2021-01-01
P05,14119,13508,8603,5414,102,0,8357,5064,87,0,208,105,16,2021-01-01
P06,27779,26691,18848,8926,5,0,18295,8391,5,0,273,195,10,2021-01-01
P07,9702,9282,6938,2193,569,2,6597,2135,550,0,101,69,25,2021-01-01
P08,15119,14543,9921,5089,109,0,9621,4828,94,0,179,83,16,2021-01-01
P09,3808,3655,0,3808,0,0,0,3655,0,0,47,66,0,2021-01-01
P10,19740,19086,13628,6050,62,0,13218,5808,60,0,105,91,0,2021-01-01
P13,61,56,0,0,61,0,0,0,56,0,5,2,0,2021-01-01
P16,20,18,0,0,20,0,0,0,18,0,2,1,0,2021-01-01
P22,126,120,0,0,126,0,0,0,120,0,4,3,0,2021-01-01
P01,8576,7976,6551,2025,0,0,6113,1863,0,0,184,87,0,2021-02-01
P02,11994,11362,8287,3707,0,0,7895,3467,0,0,118,113,0,2021-02-01
P03,15077,14485,11658,3419,0,0,11196,3289,0,0,174,105,10,2021-02-01
P04,22766,21928,13452,9112,202,0,12976,8760,192,0,232,185,0,2021-02-01
P05,14389,13776,9582,4705,102,0,9281,4408,87,0,208,105,16,2021-02-01
P06,27773,26687,18844,8924,5,0,18292,8390,5,0,273,195,10,2021-02-01
P07,9702,9282,6938,2193,569,2,6597,2135,550,0,101,69,25,2021-02-01
P08,15119,14542,9921,5089,109,0,9620,4828,94,0,179,83,16,2021-02-01
P09,3808,3655,0,3808,0,0,0,3655,0,0,47,66,0,2021-02-01
P10,19740,19085,13628,6050,62,0,13217,5808,60,0,105,91,0,2021-02-01
P13,61,56,0,0,61,0,0,0,56,0,5,2,0,2021-02-01
P16,20,18,0,0,20,0,0,0,18,0,2,1,0,2021-02-01
P22,126,120,0,0,126,0,0,0,120,0,4,3,0,2021-02-01
P01,8577,7967,6551,2026,0,0,6105,1862,0,0,187,87,0,2021-03-01
P02,11992,11361,8285,3707,0,0,7894,3467,0,0,117,113,0,2021-03-01
P03,15089,14496,11670,3419,0,0,11207,3289,0,0,174,101,9,2021-03-01
P04,22763,21927,13450,9111,202,0,12975,8760,192,0,232,185,0,2021-03-01
P05,14389,13773,9584,4703,102,0,9283,4403,87,0,208,105,3,2021-03-01
P06,27784,26698,18855,8924,5,0,18301,8392,5,0,273,195,10,2021-03-01
P07,9711,9291,6942,2198,569,2,6599,2142,550,0,101,69,25,2021-03-01
P08,15108,14531,9912,5087,109,0,9611,4826,94,0,180,83,16,2021-03-01
P09,3808,3656,0,3808,0,0,0,3656,0,0,47,47,19,2021-03-01
P10,19740,19084,13628,6050,62,0,13217,5807,60,0,105,91,0,2021-03-01
P13,61,56,0,0,61,0,0,0,56,0,5,2,0,2021-03-01
P16,20,18,0,0,20,0,0,0,18,0,2,1,0,2021-03-01
P22,126,120,0,0,126,0,0,0,120,0,4,3,0,2021-03-01
P01,8578,7967,6552,2026,0,0,6105,1862,0,0,187,87,0,2021-04-01
P02,11992,11362,8285,3707,0,0,7895,3467,0,0,117,113,0,2021-04-01
P03,15089,14494,11670,3419,0,0,11206,3288,0,0,175,101,9,2021-04-01
P04,22758,21929,13445,9111,202,0,12974,8763,192,0,232,185,0,2021-04-01
P05,14389,13772,9584,4703,102,0,9282,4403,87,0,208,105,3,2021-04-01
P06,27716,26631,18827,8884,5,0,18273,8353,5,0,272,195,10,2021-04-01
P07,9711,9288,6942,2198,569,2,6597,2141,550,0,101,69,25,2021-04-01
P08,15331,14747,9912,5310,109,0,9612,5041,94,0,181,83,17,2021-04-01
P09,10658,10274,0,10658,0,0,0,10274,0,0,94,61,53,2021-04-01
P10,19739,19083,13627,6050,62,0,13216,5807,60,0,105,91,0,2021-04-01
P13,61,56,0,0,61,0,0,0,56,0,5,2,0,2021-04-01
P16,20,18,0,0,20,0,0,0,18,0,2,1,0,2021-04-01
P18,3533,3428,0,3533,0,0,0,3428,0,0,30,5,16,2021-04-01
P22,126,120,0,0,126,0,0,0,120,0,4,3,0,2021-04-01
P01,8581,7967,6555,2026,0,0,6105,1862,0,0,189,87,0,2021-05-01
P02,11992,11361,8285,3707,0,0,7893,3468,0,0,117,113,0,2021-05-01
P03,15088,14493,11669,3419,0,0,11205,3288,0,0,175,101,9,2021-05-01
P04,22758,21927,13445,9111,202,0,12973,8762,192,0,232,185,0,2021-05-01
P05,14412,13795,9617,4693,102,0,9312,4396,87,0,208,105,3,2021-05-01
P06,27723,26621,18827,8891,5,0,18260,8356,5,0,273,195,10,2021-05-01
P07,9721,9297,6948,2202,569,2,6605,2142,550,0,101,69,25,2021-05-01
P08,15335,14753,9914,5312,109,0,9617,5042,94,0,181,83,17,2021-05-01
P09,10648,10268,0,10648,0,0,0,10268,0,0,94,53,61,2021-05-01
P10,19740,19105,13627,6051,62,0,13229,5816,60,0,105,91,0,2021-05-01
P13,61,56,0,0,61,0,0,0,56,0,5,2,0,2021-05-01
P16,20,18,0,0,20,0,0,0,18,0,2,1,0,2021-05-01
P18,3533,3429,0,3533,0,0,0,3429,0,0,32,5,16,2021-05-01
P22,126,120,0,0,126,0,0,0,120,0,4,3,0,2021-05-01
P01,8579,7964,6555,2024,0,0,6104,1860,0,0,189,87,0,2021-06-01
P02,12015,11382,8308,3707,0,0,7914,3468,0,0,117,113,0,2021-06-01
P03,15087,14492,11669,3418,0,0,11204,3288,0,0,175,101,9,2021-06-01
P04,22617,21788,13440,8974,203,0,12970,8630,188,0,230,185,0,2021-06-01
P05,14412,13795,9617,4693,102,0,9312,4396,87,0,208,105,3,2021-06-01
P06,27725,26630,18829,8891,5,0,18265,8360,5,0,274,195,10,2021-06-01
P07,9721,9298,6948,2202,569,2,6606,2142,550,0,101,69,25,2021-06-01
P08,15333,14752,9912,5312,109,0,9615,5043,94,0,181,83,17,2021-06-01
P09,10631,10251,0,10631,0,0,0,10251,0,0,94,53,61,2021-06-01
P10,19740,19103,13627,6051,62,0,13228,5815,60,0,105,71,20,2021-06-01
P13,61,56,0,0,61,0,0,0,56,0,5,2,0,2021-06-01
P16,20,18,0,0,20,0,0,0,18,0,2,1,0,2021-06-01
P18,3533,3429,0,3533,0,0,0,3429,0,0,32,5,16,2021-06-01
P22,126,120,0,0,126,0,0,0,120,0,4,3,0,2021-06-01
P01,8579,7952,6555,2024,0,0,6095,1857,0,0,188,87,0,2021-07-01
P02,12015,11380,8308,3707,0,0,7913,3467,0,0,118,113,0,2021-07-01
P03,15083,14489,11676,3407,0,0,11211,3278,0,0,175,102,9,2021-07-01
P04,22591,21758,13440,8948,203,0,12970,8600,188,0,234,184,0,2021-07-01
P05,14407,13790,9593,4712,102,0,9288,4415,87,0,208,105,3,2021-07-01
P06,27718,26637,18825,8888,5,0,18271,8361,5,0,274,195,10,2021-07-01
P07,9720,9297,6947,2202,569,2,6605,2142,550,0,101,69,25,2021-07-01
P08,15334,14754,9913,5312,109,0,9618,5042,94,0,181,83,17,2021-07-01
P09,10627,10247,0,10627,0,0,0,10247,0,0,94,53,61,2021-07-01
P10,25497,24751,18202,7169,126,0,17714,6933,104,0,137,91,21,2021-07-01
P13,61,56,0,0,61,0,0,0,56,0,5,2,0,2021-07-01
P16,20,18,0,0,20,0,0,0,18,0,2,1,0,2021-07-01
P18,3505,3401,0,3505,0,0,0,3401,0,0,31,5,16,2021-07-01
P22,126,120,0,0,126,0,0,0,120,0,4,3,0,2021-07-01
P01,8586,7960,6562,2024,0,0,6102,1858,0,0,188,87,0,2021-08-01
P02,12015,11379,8308,3707,0,0,7913,3466,0,0,118,113,0,2021-08-01
P03,15079,14484,11671,3408,0,0,11205,3279,0,0,175,102,10,2021-08-01
P04,22587,21756,13436,8948,203,0,12966,8602,188,0,232,183,0,2021-08-01
P05,14405,13787,9591,4712,102,0,9285,4415,87,0,208,105,3,2021-08-01
P06,27720,26638,18827,8888,5,0,18273,8360,5,0,273,195,10,2021-08-01
P07,9690,9273,6935,2195,558,2,6599,2135,539,0,99,68,25,2021-08-01
P08,15334,14753,9913,5312,109,0,9618,5041,94,0,181,83,17,2021-08-01
P09,10618,10237,0,10618,0,0,0,10237,0,0,95,53,61,2021-08-01
P10,25486,24739,18192,7168,126,0,17703,6932,104,0,137,91,21,2021-08-01
P13,61,56,0,0,61,0,0,0,56,0,5,2,0,2021-08-01
P16,20,18,0,0,20,0,0,0,18,0,2,1,0,2021-08-01
P18,3504,3400,0,3504,0,0,0,3400,0,0,31,6,15,2021-08-01
P22,126,120,0,0,126,0,0,0,120,0,4,3,0,2021-08-01
P01,8576,7947,6554,2022,0,0,6094,1853,0,0,188,87,0,2021-09-01
P02,11986,11347,8308,3678,0,0,7914,3433,0,0,121,113,0,2021-09-01
P03,15116,14518,11681,3435,0,0,11214,3304,0,0,177,102,10,2021-09-01
P04,22614,21781,13435,8976,203,0,12966,8627,188,0,231,183,0,2021-09-01
P05,14404,13785,9590,4712,102,0,9284,4414,87,0,208,105,3,2021-09-01
P06,27720,26636,18827,8888,5,0,18271,8360,5,0,273,195,10,2021-09-01
P07,9688,9266,6935,2193,558,2,6595,2133,538,0,99,68,25,2021-09-01
P08,15339,14760,9913,5317,109,0,9618,5048,94,0,181,83,17,2021-09-01
P09,10622,10242,0,10622,0,0,0,10242,0,0,95,53,61,2021-09-01
P10,25468,24717,18185,7157,126,0,17693,6920,104,0,138,91,21,2021-09-01
P13,61,56,0,0,61,0,0,0,56,0,5,2,0,2021-09-01
P16,20,18,0,0,20,0,0,0,18,0,2,1,0,2021-09-01
P18,3611,3506,0,3611,0,0,0,3506,0,0,31,6,15,2021-09-01
P22,126,120,0,0,126,0,0,0,120,0,4,3,0,2021-09-01
P01,8577,7941,6555,2022,0,0,6088,1853,0,0,188,87,0,2021-10-01
P02,11981,11345,8303,3678,0,0,7912,3433,0,0,120,113,0,2021-10-01
P03,15100,14502,11675,3425,0,0,11208,3294,0,0,177,102,10,2021-10-01
P04,22624,21791,13434,8987,203,0,12967,8636,188,0,231,183,0,2021-10-01
P05,14404,13785,9590,4712,102,0,9284,4414,87,0,208,105,3,2021-10-01
P06,27726,26639,18833,8888,5,0,18274,8360,5,0,273,195,10,2021-10-01
P07,9685,9264,6932,2193,558,2,6593,2133,538,0,99,68,25,2021-10-01
P08,15339,14759,9913,5317,109,0,9617,5048,94,0,181,83,17,2021-10-01
P09,10613,10234,0,10613,0,0,0,10234,0,0,93,53,61,2021-10-01
P10,25477,24725,18194,7157,126,0,17700,6921,104,0,138,91,21,2021-10-01
P13,61,56,0,0,61,0,0,0,56,0,5,2,0,2021-10-01
P16,20,18,0,0,20,0,0,0,18,0,2,1,0,2021-10-01
P18,3611,3507,0,3611,0,0,0,3507,0,0,31,6,15,2021-10-01
P22,126,120,0,0,126,0,0,0,120,0,4,3,0,2021-10-01
P01,8576,7940,6554,2022,0,0,6087,1853,0,0,188,87,0,2021-11-01
P02,11980,11342,8302,3678,0,0,7912,3430,0,0,120,113,0,2021-11-01
P03,15079,14482,11670,3409,0,0,11204,3278,0,0,176,103,11,2021-11-01
P04,22605,21775,13423,8979,203,0,12959,8628,188,0,231,183,0,2021-11-01
P05,14404,13785,9590,4712,102,0,9284,4414,87,0,208,105,3,2021-11-01
P06,28412,27312,19456,8946,5,5,18890,8417,5,0,276,197,11,2021-11-01
P07,9685,9262,6932,2193,558,2,6592,2132,538,0,99,68,25,2021-11-01
P08,15339,14756,9913,5317,109,0,9618,5044,94,0,181,85,17,2021-11-01
P09,10641,10265,0,10641,0,0,0,10265,0,0,93,53,61,2021-11-01
P10,25477,24726,18194,7157,126,0,17701,6921,104,0,138,91,21,2021-11-01
P13,61,56,0,0,61,0,0,0,56,0,5,2,0,2021-11-01
P16,20,18,0,0,20,0,0,0,18,0,2,1,0,2021-11-01
P18,3611,3507,0,3611,0,0,0,3507,0,0,31,6,15,2021-11-01
P22,126,120,0,0,126,0,0,0,120,0,4,3,0,2021-11-01
P01,8578,7934,6553,2025,0,0,6086,1848,0,0,188,87,0,2021-12-01
P02,11960,11328,8282,3678,0,0,7898,3430,0,0,119,113,0,2021-12-01
P03,15069,14473,11660,3409,0,0,11195,3278,0,0,176,103,11,2021-12-01
P04,22600,21769,13418,8979,203,0,12953,8628,188,0,231,183,0,2021-12-01
P05,14404,13789,9590,4712,102,0,9284,4418,87,0,208,105,3,2021-12-01
P06,28412,27312,19456,8946,5,5,18890,8417,5,0,276,197,11,2021-12-01
P07,9685,9261,6932,2193,558,2,6592,2131,538,0,99,68,25,2021-12-01
P08,15340,14754,9913,5317,110,0,9619,5044,91,0,181,85,17,2021-12-01
P09,10642,10265,0,10642,0,0,0,10265,0,0,93,53,61,2021-12-01
P10,25475,24724,18192,7157,126,0,17699,6921,104,0,138,91,21,2021-12-01
P13,61,56,0,0,61,0,0,0,56,0,5,2,0,2021-12-01
P16,20,18,0,0,20,0,0,0,18,0,2,1,0,2021-12-01
P18,3611,3507,0,3611,0,0,0,3507,0,0,31,6,15,2021-12-01
P22,126,120,0,0,126,0,0,0,120,0,4,3,0,2021-12-01
P01,8532,7889,6552,1980,0,0,6086,1803,0,0,188,87,0,2022-01-01
P02,11956,11324,8278,3678,0,0,7894,3430,0,0,119,113,0,2022-01-01
P03,15058,14468,11649,3409,0,0,11189,3279,0,0,176,103,11,2022-01-01
P04,22599,21773,13418,8978,203,0,12955,8630,188,0,230,184,0,2022-01-01
P05,14404,13788,9590,4712,102,0,9283,4418,87,0,208,96,12,2022-01-01
P06,28412,27308,19456,8946,5,5,18887,8416,5,0,276,197,11,2022-01-01
P07,9688,9261,6934,2194,558,2,6592,2131,538,0,99,68,25,2022-01-01
P08,15340,14753,9913,5317,110,0,9618,5044,91,0,181,85,17,2022-01-01
P09,10640,10259,0,10640,0,0,0,10259,0,0,93,53,61,2022-01-01
P10,25476,24731,18192,7158,126,0,17711,6916,104,0,138,91,21,2022-01-01
P13,61,56,0,0,61,0,0,0,56,0,5,2,0,2022-01-01
P16,20,18,0,0,20,0,0,0,18,0,2,1,0,2022-01-01
P18,3611,3507,0,3611,0,0,0,3507,0,0,31,6,15,2022-01-01
P22,126,120,0,0,126,0,0,0,120,0,4,3,0,2022-01-01
P01,8530,7882,6550,1980,0,0,6079,1803,0,0,189,87,0,2022-02-01
P02,11957,11327,8278,3679,0,0,7898,3429,0,0,119,113,0,2022-02-01
P03,15055,14464,11646,3409,0,0,11185,3279,0,0,174,103,11,2022-02-01
P04,22598,21774,13417,8978,203,0,12956,8630,188,0,230,184,0,2022-02-01
P05,20174,19399,10523,9506,145,0,10209,9074,116,0,226,104,35,2022-02-01
P06,28412,27308,19446,8956,5,5,18878,8425,5,0,276,197,11,2022-02-01
P07,9694,9254,6933,2198,558,5,6592,2126,536,0,99,68,25,2022-02-01
P08,15342,14758,9913,5319,110,0,9621,5046,91,0,181,85,17,2022-02-01
P09,10642,10258,0,10642,0,0,0,10258,0,0,93,53,61,2022-02-01
P10,25435,24694,18191,7118,126,0,17714,6876,104,0,140,91,21,2022-02-01
P13,61,56,0,0,61,0,0,0,56,0,5,2,0,2022-02-01
P16,20,18,0,0,20,0,0,0,18,0,2,1,0,2022-02-01
P18,3611,3507,0,3611,0,0,0,3507,0,0,31,6,15,2022-02-01
P22,126,120,0,0,126,0,0,0,120,0,4,3,0,2022-02-01
P01,8547,7896,6567,1980,0,0,6093,1803,0,0,189,87,0,2022-03-01
P02,11956,11329,8279,3677,0,0,7902,3427,0,0,119,113,0,2022-03-01
P03,15012,14413,11663,3349,0,0,11196,3217,0,0,175,103,11,2022-03-01
P04,22598,21773,13417,8978,203,0,12954,8631,188,0,230,184,0,2022-03-01
P05,20177,19404,10526,9506,145,0,10214,9074,116,0,226,104,35,2022-03-01
P06,28401,27296,19436,8955,5,5,18867,8424,5,0,275,197,11,2022-03-01
P07,9683,9240,6931,2195,552,5,6587,2123,530,0,99,68,25,2022-03-01
P08,15349,14766,9913,5326,110,0,9622,5053,91,0,181,85,17,2022-03-01
P09,10652,10268,0,10652,0,0,0,10268,0,0,93,53,60,2022-03-01
P10,25450,24714,18191,7133,126,0,17718,6892,104,0,140,91,21,2022-03-01
P13,61,56,0,0,61,0,0,0,56,0,5,2,0,2022-03-01
P16,20,18,0,0,20,0,0,0,18,0,2,1,0,2022-03-01
P18,3611,3506,0,3611,0,0,0,3506,0,0,31,6,15,2022-03-01
P22,126,120,0,0,126,0,0,0,120,0,4,3,0,2022-03-01
P01,8534,7887,6553,1981,0,0,6083,1804,0,0,191,87,0,2022-04-01
P02,11964,11337,8287,3677,0,0,7910,3427,0,0,119,113,0,2022-04-01
P03,15012,14414,11663,3349,0,0,11197,3217,0,0,174,103,11,2022-04-01
P04,22550,21727,13414,8933,203,0,12952,8587,188,0,230,185,0,2022-04-01
P05,20405,19629,10533,9727,145,0,10220,9293,116,0,226,103,35,2022-04-01
P06,28402,27291,19412,8980,5,5,18838,8448,5,0,274,197,11,2022-04-01
P07,9681,9239,6929,2195,552,5,6586,2123,530,0,99,67,25,2022-04-01
P08,15349,14769,9913,5326,110,0,9623,5055,91,0,181,85,17,2022-04-01
P09,10639,10261,0,10639,0,0,0,10261,0,0,93,53,60,2022-04-01
P10,25475,24737,18190,7159,126,0,17716,6917,104,0,141,91,21,2022-04-01
P13,61,56,0,0,61,0,0,0,56,0,5,2,0,2022-04-01
P16,20,18,0,0,20,0,0,0,18,0,2,1,0,2022-04-01
P18,3606,3501,0,3606,0,0,0,3501,0,0,31,6,15,2022-04-01
P22,126,120,0,0,126,0,0,0,120,0,4,3,0,2022-04-01
P01,8515,7865,6562,1953,0,0,6090,1775,0,0,192,86,0,2022-05-01
P02,11964,11337,8287,3677,0,0,7911,3426,0,0,119,113,0,2022-05-01
P03,15012,14415,11663,3349,0,0,11198,3217,0,0,174,103,11,2022-05-01
P04,22549,21726,13412,8934,203,0,12951,8587,188,0,230,185,0,2022-05-01
P05,20404,19628,10532,9727,145,0,10219,9293,116,0,226,103,35,2022-05-01
P06,28402,27287,19412,8980,5,5,18835,8447,5,0,274,197,11,2022-05-01
P07,9681,9239,6929,2195,552,5,6586,2123,530,0,101,67,25,2022-05-01
P08,15349,14767,9913,5326,110,0,9621,5055,91,0,181,85,17,2022-05-01
P09,10637,10259,0,10637,0,0,0,10259,0,0,93,53,60,2022-05-01
P10,25472,24732,18188,7158,126,0,17714,6914,104,0,143,91,21,2022-05-01
P13,61,56,0,0,61,0,0,0,56,0,5,2,0,2022-05-01
P16,20,18,0,0,20,0,0,0,18,0,2,1,0,2022-05-01
P18,3603,3498,0,3603,0,0,0,3498,0,0,31,6,15,2022-05-01
P22,126,120,0,0,126,0,0,0,120,0,4,3,0,2022-05-01
P01,9103,7855,6982,2027,0,94,6080,1775,0,0,213,86,0,2022-06-01
P02,12135,11331,8332,3739,0,64,7910,3421,0,0,131,113,0,2022-06-01
P03,15111,14419,11747,3364,0,0,11200,3219,0,0,183,103,11,2022-06-01
P04,22788,21741,13511,9042,225,10,12966,8587,188,0,257,185,0,2022-06-01
P05,20535,19623,10550,9804,166,15,10219,9288,116,0,241,103,35,2022-06-01
P06,28617,27279,19534,9025,5,53,18846,8428,5,0,303,196,11,2022-06-01
P07,9775,9236,6981,2205,579,10,6584,2122,530,0,102,67,25,2022-06-01
P08,15544,14758,9983,5364,113,84,9622,5045,91,0,200,85,17,2022-06-01
P09,10709,10258,0,10706,0,3,0,10258,0,0,97,53,60,2022-06-01
P10,25598,24719,18201,7193,140,64,17707,6908,104,0,158,91,21,2022-06-01
P13,61,56,0,0,61,0,0,0,56,0,5,2,0,2022-06-01
P16,20,18,0,0,20,0,0,0,18,0,2,1,0,2022-06-01
P18,3619,3488,0,3619,0,0,0,3488,0,0,31,6,15,2022-06-01
P22,131,120,0,0,131,0,0,0,120,0,5,3,0,2022-06-01
P01,9115,7857,6988,2026,2,99,6084,1771,2,0,212,85,0,2022-07-01
P02,12115,11331,8332,3737,0,46,7910,3421,0,0,131,113,0,2022-07-01
P03,15125,14433,11761,3364,0,0,11214,3219,0,0,183,103,11,2022-07-01
P04,22786,21739,13509,9042,225,10,12964,8587,188,0,257,185,0,2022-07-01
P05,20587,19676,10554,9852,166,15,10223,9337,116,0,241,104,35,2022-07-01
P06,28615,27276,19531,9026,5,53,18843,8428,5,0,303,194,11,2022-07-01
P07,9769,9229,6979,2197,583,10,6582,2113,534,0,102,68,25,2022-07-01
P08,15575,14783,10009,5369,113,84,9648,5044,91,0,200,85,17,2022-07-01
P09,10709,10258,0,10706,0,3,0,10258,0,0,97,53,60,2022-07-01
P10,25605,24727,18201,7200,140,64,17708,6915,104,0,158,91,21,2022-07-01
P13,61,56,0,0,61,0,0,0,56,0,5,2,0,2022-07-01
P16,20,18,0,0,20,0,0,0,18,0,2,1,0,2022-07-01
P18,3619,3488,0,3619,0,0,0,3488,0,0,31,6,15,2022-07-01
P22,131,120,0,0,131,0,0,0,120,0,5,3,0,2022-07-01
P01,9129,7866,6989,2012,29,99,6082,1755,29,0,213,85,0,2022-08-01
P02,12234,11337,8444,3744,0,46,7908,3429,0,0,131,113,0,2022-08-01
P03,15125,14431,11761,3364,0,0,11214,3217,0,0,183,103,11,2022-08-01
P04,22839,21790,13562,9042,225,10,13016,8586,188,0,257,185,0,2022-08-01
P05,20560,19645,10536,9840,169,15,10203,9323,119,0,241,104,35,2022-08-01
P06,28619,27271,19536,9025,5,53,18846,8420,5,0,303,194,11,2022-08-01
P07,9792,9252,6974,2197,611,10,6580,2113,559,0,103,68,25,2022-08-01
P08,15570,14767,10002,5371,113,84,9632,5044,91,0,201,85,17,2022-08-01
P09,10709,10261,0,10706,0,3,0,10261,0,0,97,53,60,2022-08-01
P10,25613,24735,18209,7200,140,64,17717,6914,104,0,158,91,21,2022-08-01
P13,61,56,0,0,61,0,0,0,56,0,5,2,0,2022-08-01
P16,20,18,0,0,20,0,0,0,18,0,2,1,0,2022-08-01
P18,3619,3488,0,3619,0,0,0,3488,0,0,31,6,15,2022-08-01
P22,131,120,0,0,131,0,0,0,120,0,5,3,0,2022-08-01
P01,9127,7866,6991,2008,29,99,6084,1753,29,0,213,84,0,2022-09-01
P02,12235,11337,8444,3745,0,46,7907,3430,0,0,131,112,0,2022-09-01
P03,15116,14422,11753,3363,0,0,11206,3216,0,0,184,103,11,2022-09-01
P04,22836,21788,13559,9061,206,10,13014,8598,176,0,257,185,0,2022-09-01
P05,20535,19638,10510,9841,169,15,10183,9336,119,0,241,104,35,2022-09-01
P06,28583,27238,19525,9000,5,53,18832,8401,5,0,299,195,11,2022-09-01
P07,9775,9234,6965,2189,611,10,6571,2104,559,0,103,68,25,2022-09-01
P08,15570,14770,10002,5371,113,84,9635,5044,91,0,201,85,17,2022-09-01
P09,10709,10261,0,10706,0,3,0,10261,0,0,97,53,60,2022-09-01
P10,25612,24733,18208,7200,140,64,17718,6911,104,0,158,91,21,2022-09-01
P13,61,56,0,0,61,0,0,0,56,0,5,2,0,2022-09-01
P16,20,18,0,0,20,0,0,0,18,0,2,1,0,2022-09-01
P18,3619,3486,0,3619,0,0,0,3486,0,0,31,6,15,2022-09-01
P22,131,120,0,0,131,0,0,0,120,0,5,3,0,2022-09-01
P01,9216,7956,7039,2049,29,99,6128,1799,29,0,213,82,1,2022-10-01
P02,12234,11336,8444,3740,2,48,7904,3430,2,0,131,112,0,2022-10-01
P03,15119,14431,11756,3363,0,0,11212,3219,0,0,182,103,11,2022-10-01
P04,22850,21800,13572,9062,206,10,13025,8599,176,0,257,185,0,2022-10-01
P05,20511,19613,10509,9818,169,15,10182,9311,120,0,242,104,35,2022-10-01
P06,28601,27252,19535,9008,5,53,18838,8409,5,0,299,195,11,2022-10-01
P07,9778,9235,6968,2189,611,10,6572,2104,559,0,105,68,25,2022-10-01
P08,15572,14794,10005,5371,112,84,9638,5045,111,0,201,85,17,2022-10-01
P09,10735,10284,0,10732,0,3,0,10284,0,0,101,53,60,2022-10-01
P10,25625,24749,18203,7220,138,64,17717,6928,104,0,158,91,21,2022-10-01
P13,61,56,0,0,61,0,0,0,56,0,5,2,0,2022-10-01
P16,20,18,0,0,20,0,0,0,18,0,2,1,0,2022-10-01
P18,3622,3487,0,3622,0,0,0,3487,0,0,31,6,15,2022-10-01
P22,131,120,0,0,131,0,0,0,120,0,5,3,0,2022-10-01
P01,9216,7955,7039,2049,29,99,6127,1799,29,0,213,89,2,2022-11-01
P02,12233,11334,8444,3739,2,48,7904,3428,2,0,131,112,1,2022-11-01
P03,15108,14420,11745,3363,0,0,11201,3219,0,0,184,103,11,2022-11-01
P04,22870,21817,13582,9072,206,10,13035,8606,176,0,257,185,0,2022-11-01
P05,20509,19607,10507,9818,169,15,10177,9311,119,0,242,105,35,2022-11-01
P06,28594,27248,19536,9008,5,45,18835,8408,5,0,299,195,11,2022-11-01
P07,9778,9234,6968,2189,611,10,6571,2104,559,0,105,69,25,2022-11-01
P08,15569,14788,10005,5368,112,84,9636,5041,111,0,201,85,17,2022-11-01
P09,10722,10281,0,10719,0,3,0,10281,0,0,100,53,60,2022-11-01
P10,25624,24753,18202,7220,138,64,17718,6931,104,0,158,91,21,2022-11-01
P13,61,56,0,0,61,0,0,0,56,0,5,2,0,2022-11-01
P16,20,18,0,0,20,0,0,0,18,0,2,1,0,2022-11-01
P18,3622,3488,0,3622,0,0,0,3488,0,0,31,6,15,2022-11-01
P22,131,120,0,0,131,0,0,0,120,0,5,3,0,2022-11-01
P01,9217,7953,7039,2050,29,99,6126,1798,29,0,214,89,2,2022-12-01
P02,12236,11327,8447,3739,2,48,7897,3428,2,0,131,112,1,2022-12-01
P03,15100,14411,11741,3359,0,0,11196,3215,0,0,185,103,11,2022-12-01
P04,22818,21767,13659,8943,206,10,13107,8484,176,0,257,185,0,2022-12-01
P05,20328,19443,10326,9818,169,15,10004,9320,119,0,242,104,35,2022-12-01
P06,28585,27253,19530,9005,5,45,18842,8406,5,0,299,195,11,2022-12-01
P07,9778,9235,6968,2189,611,10,6572,2104,559,0,105,69,25,2022-12-01
P08,15565,14785,10005,5384,92,84,9636,5058,91,0,201,85,17,2022-12-01
P09,10711,10273,0,10708,0,3,0,10273,0,0,99,53,60,2022-12-01
P10,25630,24762,18208,7220,138,64,17727,6931,104,0,158,91,21,2022-12-01
P13,61,56,0,0,61,0,0,0,56,0,5,2,0,2022-12-01
P16,20,18,0,0,20,0,0,0,18,0,2,1,0,2022-12-01
P18,3622,3489,0,3622,0,0,0,3489,0,0,31,6,15,2022-12-01
P22,131,120,0,0,131,0,0,0,120,0,5,3,0,2022-12-01
P01,9204,7947,7036,2044,29,95,6127,1791,29,0,214,89,2,2023-01-01
P02,12235,11331,8447,3738,2,48,7897,3432,2,0,131,112,1,2023-01-01
P03,15100,14411,11741,3359,0,0,11196,3215,0,0,185,103,11,2023-01-01
P04,22915,21863,13757,8939,209,10,13204,8480,179,0,257,185,0,2023-01-01
P05,20328,19443,10326,9818,169,15,10004,9320,119,0,242,104,35,2023-01-01
P06,28587,27252,19535,9002,5,45,18845,8402,5,0,300,195,11,2023-01-01
P07,9778,9234,6968,2189,611,10,6571,2104,559,0,105,69,25,2023-01-01
P08,15555,14773,10005,5374,92,84,9636,5046,91,0,200,85,17,2023-01-01
P09,10752,10304,0,10752,0,0,0,10304,0,0,100,53,57,2023-01-01
P10,25629,24763,18210,7220,135,64,17729,6930,104,0,161,91,21,2023-01-01
P13,61,56,0,0,61,0,0,0,56,0,5,2,0,2023-01-01
P16,20,18,0,0,20,0,0,0,18,0,2,1,0,2023-01-01
P18,3622,3488,0,3622,0,0,0,3488,0,0,32,6,15,2023-01-01
P22,131,120,0,0,131,0,0,0,120,0,5,3,0,2023-01-01
P01,9205,7948,7037,2044,29,95,6128,1791,29,0,214,89,2,2023-02-01
P02,12242,11339,8447,3745,2,48,7898,3439,2,0,131,112,1,2023-02-01
P03,15100,14410,11741,3359,0,0,11195,3215,0,0,185,103,11,2023-02-01
P04,22921,21862,13761,8941,209,10,13204,8479,179,0,257,185,0,2023-02-01
P05,20345,19458,10344,9817,169,15,10021,9318,119,0,243,104,35,2023-02-01
P06,28588,27252,19536,9002,5,45,18846,8401,5,0,299,193,13,2023-02-01
P07,9739,9316,6935,2190,609,5,6654,2105,557,0,105,69,25,2023-02-01
P08,15576,14780,10015,5384,93,84,9637,5052,91,0,201,85,17,2023-02-01
P09,10750,10338,0,10750,0,0,0,10338,0,0,100,53,60,2023-02-01
P10,25627,24765,18208,7220,135,64,17730,6931,104,0,161,91,21,2023-02-01
P13,61,56,0,0,61,0,0,0,56,0,5,2,0,2023-02-01
P16,20,18,0,0,20,0,0,0,18,0,2,1,0,2023-02-01
P18,3622,3487,0,3622,0,0,0,3487,0,0,32,6,15,2023-02-01
P22,131,120,0,0,131,0,0,0,120,0,5,3,0,2023-02-01
P01,9194,7934,6864,2041,39,250,6105,1790,39,0,214,89,2,2023-03-01
P02,12238,11335,8448,3740,2,48,7899,3434,2,0,130,113,1,2023-03-01
P03,15102,14413,11743,3359,0,0,11199,3214,0,0,186,103,11,2023-03-01
P04,22956,21904,13762,8975,209,10,13205,8520,179,0,257,185,0,2023-03-01
P05,20328,19440,10342,9802,169,15,10018,9303,119,0,243,104,35,2023-03-01
P06,28579,27239,19530,8999,5,45,18841,8393,5,0,297,193,12,2023-03-01
P07,9738,9315,6933,2191,609,5,6652,2106,557,0,105,69,25,2023-03-01
P08,15561,14766,10016,5368,93,84,9640,5035,91,0,201,85,17,2023-03-01
P09,10749,10337,0,10749,0,0,0,10337,0,0,100,53,60,2023-03-01
P10,25626,24768,18207,7220,135,64,17733,6931,104,0,161,91,21,2023-03-01
P13,61,56,0,0,61,0,0,0,56,0,5,2,0,2023-03-01
P16,20,18,0,0,20,0,0,0,18,0,2,1,0,2023-03-01
P18,3622,3487,0,3622,0,0,0,3487,0,0,32,6,15,2023-03-01
P22,131,120,0,0,131,0,0,0,120,0,5,3,0,2023-03-01
P01,9205,7937,6857,2057,39,252,6094,1804,39,0,214,89,4,2023-04-01
P02,12235,11330,8446,3739,2,48,7896,3432,2,0,130,113,1,2023-04-01
P03,15103,14416,11743,3360,0,0,11201,3215,0,0,186,103,11,2023-04-01
P04,22955,21905,13758,8978,209,10,13203,8523,179,0,257,185,0,2023-04-01
P05,20305,19417,10342,9779,169,15,10018,9280,119,0,243,104,35,2023-04-01
P06,28869,27460,19545,9274,5,45,18833,8622,5,0,301,198,13,2023-04-01
P07,9738,9308,6933,2191,609,5,6654,2097,557,0,105,69,25,2023-04-01
P08,15561,14765,10016,5368,93,84,9639,5035,91,0,201,85,17,2023-04-01
P09,10729,10318,0,10729,0,0,0,10318,0,0,100,53,60,2023-04-01
P10,25626,24768,18207,7220,135,64,17733,6931,104,0,161,91,21,2023-04-01
P13,61,56,0,0,61,0,0,0,56,0,5,2,0,2023-04-01
P16,20,18,0,0,20,0,0,0,18,0,2,1,0,2023-04-01
P18,3622,3487,0,3622,0,0,0,3487,0,0,32,6,15,2023-04-01
P22,131,120,0,0,131,0,0,0,120,0,5,3,0,2023-04-01
P01,9228,7960,6869,2057,50,252,6105,1805,50,0,214,89,4,2023-05-01
P02,12259,11327,8466,3743,2,48,7893,3432,2,0,130,112,1,2023-05-01
P03,15103,14417,11743,3360,0,0,11202,3215,0,0,187,103,11,2023-05-01
P04,22925,21873,13753,8953,209,10,13199,8495,179,0,257,185,0,2023-05-01
P05,20302,19415,10341,9777,169,15,10017,9279,119,0,243,104,35,2023-05-01
P06,28927,27520,19606,9271,5,45,18894,8621,5,0,301,198,13,2023-05-01
P07,9737,9305,6931,2192,609,5,6653,2095,557,0,105,69,25,2023-05-01
P08,15550,14765,10016,5357,93,84,9639,5035,91,0,201,85,17,2023-05-01
P09,10724,10313,0,10724,0,0,0,10313,0,0,100,53,60,2023-05-01
P10,25637,24779,18218,7220,135,64,17745,6930,104,0,161,91,21,2023-05-01
P13,61,56,0,0,61,0,0,0,56,0,5,2,0,2023-05-01
P16,20,18,0,0,20,0,0,0,18,0,2,1,0,2023-05-01
P18,3622,3486,0,3622,0,0,0,3486,0,0,32,6,15,2023-05-01
P22,131,120,0,0,131,0,0,0,120,0,5,3,0,2023-05-01
P01,9202,7929,6870,2030,50,252,6101,1778,50,0,214,89,4,2023-06-01
P02,12262,11325,8467,3745,2,48,7891,3432,2,0,131,112,1,2023-06-01
P03,15098,14422,11738,3360,0,0,11208,3214,0,0,187,103,11,2023-06-01
P04,22939,21886,13767,8953,209,10,13212,8495,179,0,257,185,0,2023-06-01
P05,20260,19368,10299,9777,169,15,9974,9275,119,0,243,104,35,2023-06-01
P06,28936,27525,19615,9271,5,45,18897,8623,5,0,301,198,13,2023-06-01
P07,9740,9308,6938,2192,605,5,6660,2095,553,0,105,69,25,2023-06-01
P08,15770,14983,10239,5354,93,84,9860,5032,91,0,201,85,17,2023-06-01
P09,10739,10320,0,10739,0,0,0,10320,0,0,100,53,60,2023-06-01
P10,25634,24779,18215,7220,135,64,17745,6930,104,0,161,91,21,2023-06-01
P13,61,56,0,0,61,0,0,0,56,0,5,2,0,2023-06-01
P16,20,18,0,0,20,0,0,0,18,0,2,1,0,2023-06-01
P18,3592,3455,0,3592,0,0,0,3455,0,0,32,6,15,2023-06-01
P22,131,120,0,0,131,0,0,0,120,0,5,3,0,2023-06-01
P01,9224,7947,6891,2031,50,252,6122,1775,50,0,214,89,4,2023-07-01
P02,12261,11323,8468,3743,2,48,7892,3429,2,0,131,112,1,2023-07-01
P03,15098,14420,11738,3360,0,0,11205,3215,0,0,187,103,11,2023-07-01
P04,22904,21852,13751,8934,209,10,13195,8478,179,0,255,185,0,2023-07-01
P05,20260,19363,10299,9777,169,15,9971,9274,118,0,243,104,35,2023-07-01
P06,28932,27512,19610,9272,5,45,18888,8619,5,0,300,198,13,2023-07-01
P07,9731,9299,6938,2172,616,5,6660,2075,564,0,105,69,25,2023-07-01
P08,15770,14986,10239,5354,93,84,9860,5035,91,0,201,85,17,2023-07-01
P09,10764,10346,0,10764,0,0,0,10346,0,0,100,53,60,2023-07-01
P10,25580,24725,18161,7220,135,64,17691,6930,104,0,161,91,21,2023-07-01
P13,61,56,0,0,61,0,0,0,56,0,5,2,0,2023-07-01
P16,20,18,0,0,20,0,0,0,18,0,2,1,0,2023-07-01
P18,3592,3454,0,3592,0,0,0,3454,0,0,33,6,15,2023-07-01
P22,131,120,0,0,131,0,0,0,120,0,5,3,0,2023-07-01
P01,9215,7931,6891,2022,50,252,6121,1760,50,0,214,88,4,2023-08-01
P02,12262,11325,8464,3748,2,48,7889,3434,2,0,131,112,1,2023-08-01
P03,15098,14415,11738,3360,0,0,11200,3215,0,0,187,103,11,2023-08-01
P04,22904,21851,13751,8934,209,10,13195,8477,179,0,255,185,0,2023-08-01
P05,20255,19358,10294,9777,169,15,9966,9274,118,0,243,104,35,2023-08-01
P06,28909,27530,19603,9256,5,45,18889,8636,5,0,300,198,13,2023-08-01
P07,9721,9290,6928,2172,616,5,6649,2077,564,0,105,66,25,2023-08-01
P08,15764,14981,10240,5347,93,84,9862,5028,91,0,201,85,17,2023-08-01
P09,10787,10368,0,10787,0,0,0,10368,0,0,100,53,60,2023-08-01
P10,25580,24725,18151,7230,135,64,17681,6940,104,0,161,91,21,2023-08-01
P13,60,55,0,0,60,0,0,0,55,0,5,2,0,2023-08-01
P16,20,18,0,0,20,0,0,0,18,0,2,1,0,2023-08-01
P18,3592,3454,0,3592,0,0,0,3454,0,0,33,6,15,2023-08-01
P22,131,120,0,0,131,0,0,0,120,0,5,3,0,2023-08-01
P01,9203,7909,6891,2010,50,252,6118,1741,50,0,215,88,4,2023-09-01
P02,12260,11323,8463,3747,2,48,7887,3434,2,0,131,113,1,2023-09-01
P03,15091,14407,11731,3360,0,0,11193,3214,0,0,187,103,11,2023-09-01
P04,22913,21858,13760,8934,209,10,13204,8475,179,0,256,170,15,2023-09-01
P05,20247,19343,10280,9777,169,21,9952,9273,118,0,243,104,35,2023-09-01
P06,28692,27315,19470,9172,5,45,18752,8558,5,0,300,198,13,2023-09-01
P07,9686,9254,6916,2149,616,5,6634,2056,564,0,103,66,25,2023-09-01
P08,15762,14974,10240,5345,93,84,9858,5025,91,0,201,85,17,2023-09-01
P09,10881,10461,0,10881,0,0,0,10461,0,0,100,53,60,2023-09-01
P10,25576,24716,18148,7229,135,64,17677,6935,104,0,161,91,21,2023-09-01
P13,60,55,0,0,60,0,0,0,55,0,5,2,0,2023-09-01
P16,20,18,0,0,20,0,0,0,18,0,2,1,0,2023-09-01
P18,3591,3453,0,3591,0,0,0,3453,0,0,33,6,15,2023-09-01
P22,131,120,0,0,131,0,0,0,120,0,5,3,0,2023-09-01
P01,9120,7833,6819,1999,50,252,6054,1729,50,0,215,86,4,2023-10-01
P02,12244,11305,8460,3734,2,48,7879,3424,2,0,130,113,1,2023-10-01
P03,15091,14409,11731,3360,0,0,11195,3214,0,0,186,103,11,2023-10-01
P04,22908,21855,13755,8934,209,10,13200,8476,179,0,256,170,15,2023-10-01
P05,20253,19349,10285,9778,169,21,9957,9274,118,0,243,104,35,2023-10-01
P06,28664,27288,19441,9173,5,45,18723,8560,5,0,299,197,13,2023-10-01
P07,9706,9273,6950,2149,602,5,6668,2056,549,0,104,66,25,2023-10-01
P08,15791,15001,10269,5345,93,84,9883,5027,91,0,201,85,17,2023-10-01
P09,10885,10464,0,10885,0,0,0,10464,0,0,100,53,60,2023-10-01
P10,25574,24716,18147,7228,135,64,17678,6934,104,0,161,91,21,2023-10-01
P13,60,55,0,0,60,0,0,0,55,0,5,2,0,2023-10-01
P16,20,18,0,0,20,0,0,0,18,0,2,1,0,2023-10-01
P18,3590,3451,0,3590,0,0,0,3451,0,0,33,6,15,2023-10-01
P22,131,120,0,0,131,0,0,0,120,0,5,3,0,2023-10-01
P01,9160,7848,6837,2021,50,252,6061,1737,50,0,218,87,4,2023-11-01
P02,12244,11293,8460,3734,2,48,7869,3422,2,0,130,113,1,2023-11-01
P03,15088,14406,11728,3360,0,0,11192,3214,0,0,187,103,11,2023-11-01
P04,22908,21856,13755,8934,209,10,13201,8476,179,0,256,170,15,2023-11-01
P05,20289,19387,10282,9817,169,21,9955,9314,118,0,243,104,37,2023-11-01
P06,28771,27226,19548,9173,5,45,18660,8561,5,0,299,199,13,2023-11-01
P07,9707,9268,6952,2148,602,5,6667,2052,549,0,105,65,25,2023-11-01
P08,15792,15004,10268,5367,73,84,9882,5051,71,0,201,85,17,2023-11-01
P09,10922,10498,0,10922,0,0,0,10498,0,0,100,53,60,2023-11-01
P10,25574,24717,18147,7228,135,64,17679,6934,104,0,161,91,21,2023-11-01
P13,60,55,0,0,60,0,0,0,55,0,5,2,0,2023-11-01
P16,20,18,0,0,20,0,0,0,18,0,2,1,0,2023-11-01
P18,3924,3766,0,3924,0,0,0,3766,0,0,46,6,18,2023-11-01
P22,131,120,0,0,131,0,0,0,120,0,5,3,0,2023-11-01
P01,9160,7842,6837,2021,50,252,6056,1736,50,0,218,88,4,2023-12-01
P02,12222,11268,8456,3716,2,48,7861,3405,2,0,132,113,1,2023-12-01
P03,15088,14402,11729,3359,0,0,11191,3211,0,0,188,103,11,2023-12-01
P04,22925,21873,13761,8945,209,10,13207,8487,179,0,256,170,15,2023-12-01
P05,20280,19377,10273,9817,169,21,9945,9314,118,0,243,104,37,2023-12-01
P06,28763,27214,19542,9173,5,43,18651,8558,5,0,299,199,13,2023-12-01
P07,9707,9268,6952,2148,602,5,6667,2052,549,0,105,67,25,2023-12-01
P08,15792,15002,10268,5367,73,84,9882,5049,71,0,201,85,17,2023-12-01
P09,10920,10496,0,10920,0,0,0,10496,0,0,100,53,60,2023-12-01
P10,25573,24717,18146,7228,135,64,17680,6933,104,0,161,90,21,2023-12-01
P13,60,55,0,0,60,0,0,0,55,0,5,2,0,2023-12-01
P16,20,18,0,0,20,0,0,0,18,0,2,1,0,2023-12-01
P18,3924,3766,0,3924,0,0,0,3766,0,0,46,6,18,2023-12-01
P22,131,120,0,0,131,0,0,0,120,0,5,3,0,2023-12-01
P01,9160,7842,6837,2021,50,252,6056,1736,50,0,218,90,3,2024-01-01
P02,12222,11266,8456,3716,2,48,7859,3405,2,0,132,113,1,2024-01-01
P03,15078,14399,11719,3359,0,0,11188,3211,0,0,188,103,11,2024-01-01
P04,22916,21862,13756,8941,209,10,13201,8482,179,0,256,170,15,2024-01-01
P05,20279,19376,10273,9816,169,21,9945,9313,118,0,243,104,37,2024-01-01
P06,28752,27204,19531,9173,5,43,18641,8558,5,0,299,199,13,2024-01-01
P07,9707,9268,6952,2148,602,5,6667,2052,549,0,105,67,25,2024-01-01
P08,15790,14998,10266,5367,73,84,9878,5049,71,0,201,85,17,2024-01-01
P09,10888,10463,0,10888,0,0,0,10463,0,0,100,53,57,2024-01-01
P10,25575,24719,18148,7228,135,64,17682,6933,104,0,161,90,21,2024-01-01
P13,60,55,0,0,60,0,0,0,55,0,5,2,0,2024-01-01
P16,20,18,0,0,20,0,0,0,18,0,2,1,0,2024-01-01
P18,3924,3765,0,3924,0,0,0,3765,0,0,46,6,18,2024-01-01
P22,131,120,0,0,131,0,0,0,120,0,5,3,0,2024-01-01
