kod_zsj,nazev_zsj,obyvatel,parkovacich_mist_celkem,parkovacich_mist_v_zps,respektovanost,obsazenost,rezidenti_do_500m,rezidenti_do_125m,rezidenti_od_126m_do_500m,rezidenti_od_501m_do_2000m,rezidenti_nad_2000m,navstevnici_platici,navstevnici_neplatici,volna_mista,rezidentska,vlastnicka,abonentska,prenosna,carsharing,ekologicka,ostatni,socialni,část dne,mestska_cast,filename,navstevnici,soucet_vsech_typu
127027,Jakubský obvod,25.93,404,356,0.7,0.76,0.46,0.24,0.11,0.07,0.0,0.06,0.23,0.24,0.19,0.0,0.11,0.05,0.0,0.03,0.0,0.07,den,P01,P01-OR_202311D_NJ.json,0.34,1.03
127094,Horní malostranský obvod,20.06,428,312,0.77,0.96,0.55,0.37,0.16,0.09,0.02,0.04,0.22,0.04,0.37,0.0,0.09,0.05,0.0,0.02,0.0,0.12,den,P01,P01-OR_202311D_NJ.json,0.31,1.0
127116,Strahovská zahrada,0.2,23,21,0.57,0.64,0.07,0.05,0.0,0.08,0.1,0.14,0.28,0.36,0.17,0.0,0.03,0.0,0.0,0.03,0.0,0.03,den,P01,P01-OR_202311D_NJ.json,0.42,1.04
127124,Pohořelec,7.47,280,256,0.82,0.66,0.43,0.22,0.06,0.04,0.04,0.07,0.12,0.34,0.22,0.0,0.05,0.02,0.0,0.02,0.0,0.07,den,P01,P01-OR_202311D_NJ.json,0.21,0.93
127132,Hrad,1.38,133,123,0.74,0.44,0.34,0.14,0.01,0.14,0.0,0.02,0.12,0.56,0.2,0.0,0.05,0.0,0.0,0.02,0.0,0.04,den,P01,P01-OR_202311D_NJ.json,0.14,1.01
127141,Dolní malostranský obvod,29.25,820,640,0.75,0.83,0.53,0.32,0.12,0.09,0.01,0.06,0.21,0.17,0.33,0.0,0.06,0.06,0.0,0.03,0.0,0.09,den,P01,P01-OR_202311D_NJ.json,0.33,1.07
127035,Petrský obvod,42.34,1095,996,0.74,0.89,0.48,0.34,0.09,0.08,0.01,0.11,0.23,0.11,0.32,0.0,0.09,0.04,0.0,0.04,0.0,0.07,den,P01,P01-OR_202311D_NJ.json,0.38,1.05
127051,Jindřišský obvod,30.35,1147,1058,0.71,0.89,0.34,0.21,0.09,0.09,0.0,0.16,0.26,0.11,0.19,0.0,0.12,0.04,0.0,0.05,0.0,0.05,den,P01,P01-OR_202311D_NJ.json,0.46,1.02
127060,Smetanovo divadlo,0.0,17,15,0.28,0.5,0.09,0.01,0.04,0.08,0.0,0.01,0.36,0.5,0.1,0.0,0.02,0.01,0.0,0.0,0.0,0.0,den,P01,P01-OR_202311D_NJ.json,0.38,1.01
126993,Betlémský obvod,41.0,1135,972,0.76,0.92,0.45,0.3,0.11,0.08,0.0,0.09,0.22,0.08,0.26,0.0,0.11,0.04,0.0,0.03,0.0,0.08,den,P01,P01-OR_202311D_NJ.json,0.35,0.95
127001,Josefov,14.6,398,380,0.75,0.81,0.51,0.32,0.09,0.08,0.0,0.09,0.2,0.19,0.24,0.0,0.12,0.07,0.0,0.04,0.0,0.06,den,P01,P01-OR_202311D_NJ.json,0.36,1.08
127019,Haštalský obvod,26.85,1216,1121,0.77,0.95,0.54,0.39,0.12,0.09,0.0,0.1,0.22,0.05,0.3,0.0,0.12,0.07,0.0,0.04,0.0,0.1,den,P01,P01-OR_202311D_NJ.json,0.39,1.07
127078,Vodičkova,50.6,952,807,0.77,1.19,0.52,0.45,0.17,0.13,0.01,0.1,0.28,0.0,0.49,0.0,0.11,0.04,0.0,0.04,0.0,0.11,den,P01,P01-OR_202311D_NJ.json,0.42,1.21
127086,Vojtěšský obvod,28.53,544,497,0.77,0.88,0.56,0.4,0.09,0.08,0.01,0.07,0.2,0.12,0.4,0.0,0.06,0.02,0.0,0.02,0.0,0.1,den,P01,P01-OR_202311D_NJ.json,0.29,1.01
127159,Pod Letnou,0.0,7,7,1.0,0.71,0.0,0.0,0.0,0.14,0.0,0.14,0.0,0.29,0.0,0.0,0.0,0.14,0.0,0.14,0.0,0.0,den,P01,P01-OR_202311D_NJ.json,0.28,0.85
305758,U Čelakovského sadů,0.38,6,3,0.5,1.44,0.35,0.45,0.06,0.05,0.01,0.05,0.72,0.0,0.33,0.0,0.2,0.03,0.0,0.03,0.0,0.02,den,P01,P01-OR_202311D_NJ.json,0.8,1.41
127027,Jakubský obvod,25.93,375,328,0.7,0.62,0.53,0.23,0.1,0.05,0.0,0.03,0.18,0.38,0.2,0.0,0.07,0.04,0.0,0.02,0.0,0.07,noc,P01,P01-OR_202311N_NJ.json,0.25,1.03
127094,Horní malostranský obvod,20.06,428,312,0.82,0.91,0.64,0.4,0.18,0.09,0.02,0.02,0.17,0.09,0.41,0.0,0.08,0.06,0.0,0.02,0.0,0.13,noc,P01,P01-OR_202311N_NJ.json,0.25,1.04
127116,Strahovská zahrada,0.2,23,21,0.81,0.21,0.23,0.05,0.0,0.03,0.06,0.02,0.04,0.79,0.13,0.0,0.0,0.0,0.0,0.01,0.0,0.01,noc,P01,P01-OR_202311N_NJ.json,0.06,1.0
127124,Pohořelec,7.47,271,247,0.88,0.52,0.54,0.22,0.06,0.05,0.03,0.02,0.06,0.48,0.22,0.0,0.04,0.02,0.0,0.01,0.0,0.07,noc,P01,P01-OR_202311N_NJ.json,0.1,0.94
127132,Hrad,1.38,129,122,0.69,0.52,0.41,0.18,0.03,0.13,0.0,0.0,0.16,0.48,0.23,0.0,0.05,0.0,0.0,0.0,0.0,0.06,noc,P01,P01-OR_202311N_NJ.json,0.16,0.98
127141,Dolní malostranský obvod,29.25,820,640,0.82,0.73,0.65,0.35,0.13,0.08,0.01,0.02,0.13,0.27,0.36,0.0,0.05,0.06,0.0,0.02,0.0,0.09,noc,P01,P01-OR_202311N_NJ.json,0.21,1.06
127035,Petrský obvod,42.34,1080,981,0.81,0.67,0.62,0.35,0.07,0.05,0.01,0.05,0.13,0.33,0.33,0.0,0.04,0.04,0.0,0.02,0.0,0.07,noc,P01,P01-OR_202311N_NJ.json,0.22,1.05
127051,Jindřišský obvod,30.35,1147,1058,0.66,0.69,0.35,0.18,0.06,0.07,0.0,0.09,0.23,0.31,0.18,0.0,0.06,0.03,0.0,0.03,0.0,0.04,noc,P01,P01-OR_202311N_NJ.json,0.35,1.0
127060,Smetanovo divadlo,0.0,17,15,0.17,0.13,0.1,0.0,0.01,0.01,0.0,0.0,0.11,0.87,0.02,0.0,0.0,0.0,0.0,0.0,0.0,0.0,noc,P01,P01-OR_202311N_NJ.json,0.11,1.0
126993,Betlémský obvod,41.0,1134,971,0.78,0.78,0.54,0.31,0.11,0.07,0.0,0.05,0.17,0.22,0.3,0.0,0.07,0.04,0.0,0.02,0.0,0.09,noc,P01,P01-OR_202311N_NJ.json,0.26,1.0
127001,Josefov,14.6,398,380,0.79,0.54,0.62,0.27,0.07,0.05,0.0,0.03,0.11,0.46,0.23,0.0,0.06,0.02,0.0,0.02,0.0,0.07,noc,P01,P01-OR_202311N_NJ.json,0.16,1.02
127019,Haštalský obvod,26.85,1203,1108,0.75,0.8,0.58,0.36,0.1,0.07,0.0,0.05,0.2,0.2,0.3,0.0,0.08,0.05,0.0,0.03,0.0,0.09,noc,P01,P01-OR_202311N_NJ.json,0.3,1.05
127078,Vodičkova,50.6,952,807,0.75,1.01,0.56,0.41,0.15,0.09,0.01,0.06,0.25,0.0,0.46,0.0,0.06,0.03,0.0,0.02,0.0,0.1,noc,P01,P01-OR_202311N_NJ.json,0.34,1.01
127086,Vojtěšský obvod,28.53,544,497,0.84,0.82,0.67,0.45,0.1,0.09,0.01,0.03,0.14,0.18,0.46,0.01,0.05,0.02,0.0,0.01,0.0,0.11,noc,P01,P01-OR_202311N_NJ.json,0.19,1.03
305758,U Čelakovského sadů,0.38,6,3,0.31,0.5,0.23,0.07,0.05,0.03,0.0,0.0,0.35,0.5,0.14,0.0,0.0,0.0,0.0,0.0,0.0,0.0,noc,P01,P01-OR_202311N_NJ.json,0.35,0.99
132268,Vršovice-západ,24.79,56,55,0.79,0.85,0.6,0.45,0.06,0.09,0.03,0.02,0.18,0.15,0.55,0.01,0.02,0.0,0.0,0.01,0.0,0.05,den,P02,P02-OR_202311D_NJ.json,0.2,0.99
127574,U Rajské zahrady,0.5,9,9,1.0,0.52,0.18,0.02,0.08,0.19,0.02,0.02,0.0,0.48,0.27,0.0,0.03,0.0,0.0,0.02,0.0,0.0,den,P02,P02-OR_202311D_NJ.json,0.02,0.82
127230,Riegrovy sady,0.0,281,269,0.85,0.84,0.54,0.34,0.11,0.06,0.01,0.17,0.13,0.16,0.41,0.0,0.03,0.0,0.0,0.02,0.0,0.07,den,P02,P02-OR_202311D_NJ.json,0.3,0.99
127248,U Riegrových sadů,45.09,722,695,0.86,0.93,0.71,0.56,0.09,0.07,0.02,0.03,0.13,0.07,0.56,0.0,0.05,0.0,0.0,0.02,0.0,0.12,den,P02,P02-OR_202311D_NJ.json,0.16,0.98
127256,U Čechových sadů,49.71,1334,1288,0.89,0.93,0.74,0.58,0.11,0.05,0.01,0.06,0.1,0.07,0.57,0.0,0.04,0.0,0.0,0.02,0.0,0.13,den,P02,P02-OR_202311D_NJ.json,0.16,0.99
127299,Nuselské údolí,42.69,1028,888,0.83,0.75,0.71,0.47,0.07,0.04,0.0,0.03,0.13,0.25,0.45,0.0,0.03,0.0,0.0,0.01,0.0,0.09,den,P02,P02-OR_202311D_NJ.json,0.16,0.99
127302,Vyšehrad,21.34,543,518,0.81,0.71,0.68,0.41,0.07,0.03,0.0,0.04,0.13,0.29,0.43,0.0,0.04,0.0,0.0,0.01,0.0,0.05,den,P02,P02-OR_202311D_NJ.json,0.17,0.99
127311,Podskalí,28.38,809,765,0.83,0.84,0.66,0.48,0.07,0.05,0.01,0.07,0.15,0.16,0.43,0.0,0.05,0.0,0.0,0.02,0.0,0.12,den,P02,P02-OR_202311D_NJ.json,0.22,1.0
127329,Zderaz,33.95,750,718,0.83,0.97,0.64,0.54,0.09,0.1,0.01,0.05,0.16,0.03,0.5,0.0,0.07,0.01,0.0,0.02,0.0,0.15,den,P02,P02-OR_202311D_NJ.json,0.22,1.0
127264,Havlíčkovy sady,0.14,54,54,0.87,0.83,0.8,0.6,0.06,0.03,0.01,0.02,0.11,0.17,0.57,0.0,0.03,0.0,0.0,0.01,0.0,0.1,den,P02,P02-OR_202311D_NJ.json,0.13,1.01
127272,Na Kleovce,46.33,1109,1041,0.85,0.9,0.72,0.54,0.11,0.05,0.0,0.03,0.13,0.1,0.52,0.01,0.04,0.01,0.0,0.01,0.0,0.13,den,P02,P02-OR_202311D_NJ.json,0.17,0.99
127281,Folimanka-východ,20.71,349,341,0.89,0.84,0.78,0.61,0.05,0.04,0.0,0.02,0.09,0.16,0.53,0.0,0.03,0.0,0.0,0.01,0.0,0.14,den,P02,P02-OR_202311D_NJ.json,0.11,0.98
127167,Náměstí Míru,32.12,895,811,0.84,1.09,0.67,0.58,0.15,0.07,0.0,0.08,0.18,0.0,0.55,0.0,0.09,0.01,0.0,0.02,0.0,0.14,den,P02,P02-OR_202311D_NJ.json,0.27,1.08
127175,Londýnská,61.8,969,878,0.84,1.09,0.68,0.58,0.16,0.06,0.0,0.07,0.18,0.0,0.56,0.0,0.07,0.01,0.0,0.03,0.0,0.15,den,P02,P02-OR_202311D_NJ.json,0.26,1.08
127183,Albertov,6.46,1173,1063,0.73,0.74,0.28,0.12,0.08,0.05,0.0,0.25,0.2,0.26,0.18,0.0,0.03,0.0,0.0,0.02,0.0,0.04,den,P02,P02-OR_202311D_NJ.json,0.45,0.98
127221,Na Smetance,25.8,762,730,0.87,0.93,0.72,0.58,0.09,0.06,0.0,0.05,0.12,0.07,0.51,0.0,0.07,0.0,0.0,0.02,0.0,0.14,den,P02,P02-OR_202311D_NJ.json,0.17,0.98
127191,Štěpánský obvod-západ,33.04,581,483,0.74,1.14,0.58,0.55,0.11,0.08,0.0,0.08,0.29,0.0,0.49,0.0,0.06,0.01,0.0,0.01,0.0,0.17,den,P02,P02-OR_202311D_NJ.json,0.38,1.12
127205,Nad muzeem,25.01,368,345,0.85,0.97,0.67,0.53,0.13,0.08,0.0,0.06,0.15,0.03,0.5,0.0,0.08,0.01,0.0,0.02,0.0,0.14,den,P02,P02-OR_202311D_NJ.json,0.22,1.0
127213,Hlavní nádraží,0.0,86,85,0.84,0.75,0.36,0.19,0.07,0.1,0.0,0.17,0.12,0.25,0.25,0.0,0.08,0.01,0.0,0.04,0.0,0.04,den,P02,P02-OR_202311D_NJ.json,0.3,0.97
305774,Štěpánský obvod-východ,16.34,334,274,0.65,1.04,0.48,0.41,0.1,0.05,0.0,0.09,0.36,0.0,0.35,0.0,0.05,0.07,0.0,0.02,0.0,0.07,den,P02,P02-OR_202311D_NJ.json,0.52,1.08
132268,Vršovice-západ,24.79,56,55,0.83,0.91,0.68,0.56,0.06,0.08,0.02,0.0,0.16,0.09,0.66,0.0,0.01,0.0,0.0,0.0,0.0,0.04,noc,P02,P02-OR_202311N_NJ.json,0.16,0.96
127574,U Rajské zahrady,0.5,9,9,1.0,0.17,0.4,0.0,0.07,0.0,0.0,0.0,0.0,0.83,0.07,0.0,0.0,0.0,0.0,0.0,0.0,0.0,noc,P02,P02-OR_202311N_NJ.json,0.0,0.9
127230,Riegrovy sady,0.0,232,229,0.85,0.89,0.68,0.49,0.12,0.08,0.0,0.05,0.13,0.11,0.52,0.01,0.05,0.0,0.0,0.03,0.0,0.11,noc,P02,P02-OR_202311N_NJ.json,0.18,1.01
127248,U Riegrových sadů,45.09,722,695,0.91,0.97,0.78,0.64,0.11,0.07,0.02,0.02,0.09,0.03,0.64,0.01,0.05,0.0,0.0,0.01,0.0,0.14,noc,P02,P02-OR_202311N_NJ.json,0.11,0.99
127256,U Čechových sadů,49.71,1131,1089,0.92,0.96,0.82,0.67,0.12,0.05,0.01,0.02,0.08,0.04,0.67,0.0,0.04,0.0,0.0,0.01,0.0,0.13,noc,P02,P02-OR_202311N_NJ.json,0.1,0.99
127299,Nuselské údolí,42.69,822,691,0.86,0.84,0.77,0.56,0.09,0.04,0.0,0.01,0.12,0.16,0.57,0.0,0.02,0.0,0.0,0.01,0.0,0.09,noc,P02,P02-OR_202311N_NJ.json,0.13,0.98
127302,Vyšehrad,21.34,378,361,0.85,0.8,0.78,0.55,0.07,0.03,0.0,0.01,0.12,0.2,0.56,0.0,0.03,0.0,0.0,0.01,0.0,0.06,noc,P02,P02-OR_202311N_NJ.json,0.13,0.99
127311,Podskalí,28.38,527,510,0.89,0.87,0.8,0.63,0.07,0.04,0.01,0.02,0.1,0.13,0.56,0.0,0.03,0.0,0.0,0.02,0.0,0.14,noc,P02,P02-OR_202311N_NJ.json,0.12,1.0
127329,Zderaz,33.95,750,718,0.86,0.9,0.73,0.58,0.08,0.08,0.01,0.02,0.13,0.1,0.55,0.0,0.04,0.01,0.0,0.01,0.0,0.14,noc,P02,P02-OR_202311N_NJ.json,0.16,1.01
127264,Havlíčkovy sady,0.14,54,54,0.93,0.92,0.87,0.74,0.07,0.03,0.01,0.01,0.07,0.08,0.72,0.0,0.02,0.0,0.0,0.01,0.0,0.1,noc,P02,P02-OR_202311N_NJ.json,0.08,1.01
127272,Na Kleovce,46.33,988,926,0.89,0.9,0.78,0.58,0.12,0.05,0.0,0.01,0.1,0.1,0.6,0.01,0.03,0.01,0.0,0.01,0.0,0.12,noc,P02,P02-OR_202311N_NJ.json,0.12,1.0
127281,Folimanka-východ,20.71,349,341,0.91,0.93,0.82,0.72,0.05,0.04,0.0,0.01,0.08,0.07,0.65,0.0,0.03,0.0,0.0,0.01,0.0,0.13,noc,P02,P02-OR_202311N_NJ.json,0.09,0.98
127167,Náměstí Míru,32.12,653,597,0.89,0.98,0.8,0.63,0.15,0.05,0.0,0.02,0.11,0.02,0.63,0.0,0.05,0.0,0.0,0.01,0.0,0.15,noc,P02,P02-OR_202311N_NJ.json,0.13,0.99
127175,Londýnská,61.8,807,731,0.88,0.87,0.77,0.54,0.13,0.05,0.0,0.02,0.1,0.13,0.53,0.0,0.03,0.01,0.0,0.02,0.0,0.14,noc,P02,P02-OR_202311N_NJ.json,0.13,0.99
127183,Albertov,6.46,322,291,0.82,0.63,0.65,0.29,0.11,0.05,0.0,0.04,0.11,0.37,0.35,0.0,0.03,0.0,0.0,0.01,0.0,0.07,noc,P02,P02-OR_202311N_NJ.json,0.15,0.98
127221,Na Smetance,25.8,663,642,0.9,0.92,0.8,0.64,0.09,0.05,0.0,0.02,0.1,0.08,0.59,0.0,0.04,0.0,0.0,0.02,0.0,0.15,noc,P02,P02-OR_202311N_NJ.json,0.12,1.0
127191,Štěpánský obvod-západ,33.04,501,426,0.77,0.99,0.67,0.56,0.1,0.05,0.0,0.01,0.23,0.01,0.52,0.0,0.03,0.01,0.0,0.01,0.0,0.16,noc,P02,P02-OR_202311N_NJ.json,0.25,0.99
127205,Nad muzeem,25.01,311,296,0.87,0.85,0.72,0.48,0.14,0.08,0.0,0.03,0.11,0.15,0.49,0.0,0.05,0.01,0.0,0.02,0.0,0.15,noc,P02,P02-OR_202311N_NJ.json,0.15,1.02
127213,Hlavní nádraží,0.0,6,6,1.0,0.69,0.79,0.4,0.15,0.02,0.0,0.05,0.0,0.31,0.44,0.0,0.0,0.0,0.0,0.05,0.0,0.12,noc,P02,P02-OR_202311N_NJ.json,0.05,0.97
305774,Štěpánský obvod-východ,16.34,204,168,0.74,0.95,0.65,0.52,0.1,0.02,0.0,0.01,0.25,0.05,0.41,0.0,0.02,0.12,0.0,0.01,0.0,0.07,noc,P02,P02-OR_202311N_NJ.json,0.38,1.06
127370,Vrch Svatého kříže,8.27,471,446,0.82,0.69,0.46,0.21,0.1,0.13,0.01,0.1,0.13,0.31,0.32,0.0,0.06,0.0,0.0,0.02,0.0,0.06,den,P03,P03-OR_202311D_NJ.json,0.23,1.0
127388,Havlíčkovo náměstí,26.98,560,492,0.81,1.06,0.6,0.56,0.08,0.08,0.02,0.05,0.2,0.0,0.57,0.01,0.05,0.01,0.0,0.01,0.0,0.1,den,P03,P03-OR_202311D_NJ.json,0.26,1.01
127400,Vrch Žižkov,0.1,93,91,0.83,0.79,0.66,0.38,0.14,0.06,0.0,0.06,0.13,0.21,0.47,0.0,0.01,0.0,0.0,0.01,0.0,0.1,den,P03,P03-OR_202311D_NJ.json,0.19,0.99
127418,Pod Pražačkou,62.63,1162,1102,0.87,0.98,0.73,0.59,0.12,0.07,0.0,0.03,0.13,0.02,0.62,0.0,0.03,0.01,0.0,0.01,0.0,0.13,den,P03,P03-OR_202311D_NJ.json,0.17,0.99
127426,Na Krejcárku,30.33,882,843,0.85,0.73,0.68,0.42,0.07,0.06,0.01,0.04,0.11,0.27,0.43,0.0,0.02,0.0,0.0,0.01,0.0,0.1,den,P03,P03-OR_202311D_NJ.json,0.15,0.98
127434,Na Balkáně,0.06,174,166,0.75,0.36,0.6,0.21,0.01,0.01,0.0,0.03,0.09,0.64,0.21,0.0,0.01,0.0,0.0,0.0,0.0,0.01,den,P03,P03-OR_202311D_NJ.json,0.12,0.99
127540,Náměstí Jiřího z Poděbrad,40.37,1040,994,0.87,1.09,0.73,0.67,0.12,0.07,0.02,0.04,0.14,0.0,0.64,0.01,0.06,0.01,0.0,0.01,0.0,0.17,den,P03,P03-OR_202311D_NJ.json,0.19,1.09
127558,Škroupovo náměstí,40.32,789,754,0.89,1.03,0.74,0.63,0.13,0.08,0.02,0.05,0.11,0.0,0.67,0.01,0.03,0.0,0.0,0.01,0.0,0.14,den,P03,P03-OR_202311D_NJ.json,0.16,1.02
127566,Sladkovského náměstí,55.91,967,944,0.86,0.96,0.7,0.59,0.09,0.07,0.02,0.04,0.13,0.04,0.61,0.0,0.04,0.01,0.0,0.01,0.0,0.1,den,P03,P03-OR_202311D_NJ.json,0.18,0.99
127574,U Rajské zahrady,0.5,194,189,0.76,0.91,0.31,0.2,0.09,0.14,0.05,0.2,0.22,0.09,0.35,0.0,0.06,0.01,0.0,0.04,0.0,0.05,den,P03,P03-OR_202311D_NJ.json,0.43,1.03
127582,Kostnické náměstí,46.84,832,802,0.83,0.93,0.66,0.52,0.09,0.06,0.02,0.05,0.16,0.07,0.58,0.0,0.04,0.0,0.0,0.02,0.0,0.08,den,P03,P03-OR_202311D_NJ.json,0.21,1.0
127337,Na Ohradě,56.12,849,816,0.91,0.78,0.76,0.52,0.07,0.05,0.01,0.02,0.07,0.22,0.51,0.0,0.02,0.0,0.0,0.0,0.0,0.13,den,P03,P03-OR_202311D_NJ.json,0.09,0.97
127345,Vápenka,22.67,416,404,0.89,0.88,0.75,0.6,0.06,0.03,0.02,0.04,0.1,0.12,0.53,0.01,0.02,0.0,0.0,0.0,0.0,0.17,den,P03,P03-OR_202311D_NJ.json,0.14,0.99
127353,Židovské pece,16.25,346,330,0.82,0.77,0.7,0.45,0.09,0.05,0.01,0.03,0.14,0.23,0.48,0.0,0.01,0.0,0.0,0.0,0.0,0.1,den,P03,P03-OR_202311D_NJ.json,0.17,0.99
127361,Nákladové nádraží,0.19,19,19,0.72,0.72,0.39,0.24,0.04,0.05,0.0,0.11,0.2,0.28,0.3,0.0,0.02,0.0,0.0,0.01,0.0,0.02,den,P03,P03-OR_202311D_NJ.json,0.31,0.94
127442,Chmelnice,30.93,692,658,0.88,0.74,0.77,0.53,0.05,0.02,0.02,0.02,0.09,0.26,0.49,0.0,0.01,0.0,0.0,0.01,0.0,0.12,den,P03,P03-OR_202311D_NJ.json,0.11,1.0
127451,Jarov,36.19,692,665,0.92,0.83,0.8,0.63,0.04,0.03,0.02,0.01,0.07,0.17,0.55,0.0,0.01,0.0,0.0,0.0,0.0,0.16,den,P03,P03-OR_202311D_NJ.json,0.08,0.97
127469,Vackov,24.56,605,587,0.87,0.64,0.75,0.45,0.03,0.03,0.02,0.01,0.09,0.36,0.4,0.0,0.01,0.0,0.0,0.0,0.0,0.11,den,P03,P03-OR_202311D_NJ.json,0.1,0.98
127485,U Třebešína,0.0,24,24,0.0,0.0,0.0,0.0,0.0,0.0,0.0,0.0,0.0,1.0,0.0,0.0,0.0,0.0,0.0,0.0,0.0,0.0,den,P03,P03-OR_202311D_NJ.json,0.0,1.0
127493,Olšanské hřbitovy,0.96,330,321,0.8,0.46,0.45,0.14,0.07,0.05,0.01,0.09,0.09,0.54,0.22,0.0,0.01,0.0,0.0,0.0,0.0,0.04,den,P03,P03-OR_202311D_NJ.json,0.18,0.99
127507,Stromky,29.93,597,569,0.85,0.94,0.59,0.5,0.06,0.11,0.02,0.07,0.14,0.06,0.49,0.01,0.03,0.0,0.0,0.02,0.0,0.15,den,P03,P03-OR_202311D_NJ.json,0.21,0.97
127515,Flora,47.99,933,903,0.9,1.09,0.74,0.68,0.13,0.09,0.02,0.04,0.11,0.0,0.67,0.01,0.04,0.0,0.0,0.01,0.0,0.19,den,P03,P03-OR_202311D_NJ.json,0.15,1.07
127523,Řipská,40.59,702,673,0.88,0.99,0.68,0.57,0.1,0.08,0.02,0.05,0.12,0.01,0.57,0.0,0.04,0.01,0.0,0.01,0.0,0.15,den,P03,P03-OR_202311D_NJ.json,0.18,0.97
127531,U Olšan,61.77,953,911,0.9,1.02,0.76,0.68,0.1,0.05,0.02,0.04,0.1,0.0,0.64,0.01,0.03,0.0,0.0,0.02,0.0,0.17,den,P03,P03-OR_202311D_NJ.json,0.14,1.01
315761,U nákladového nádraží,0.98,45,43,0.45,0.25,0.18,0.04,0.0,0.02,0.0,0.04,0.14,0.75,0.07,0.0,0.0,0.0,0.0,0.01,0.0,0.0,den,P03,P03-OR_202311D_NJ.json,0.18,1.01
127396,Komenského náměstí,44.98,700,639,0.85,1.02,0.68,0.58,0.12,0.07,0.01,0.04,0.15,0.0,0.6,0.0,0.04,0.0,0.0,0.01,0.0,0.14,den,P03,P03-OR_202311D_NJ.json,0.19,0.98
127370,Vrch Svatého kříže,8.27,471,446,0.83,0.45,0.62,0.17,0.1,0.06,0.0,0.02,0.08,0.55,0.27,0.0,0.03,0.0,0.0,0.01,0.0,0.04,noc,P03,P03-OR_202311N_NJ.json,0.1,1.0
127388,Havlíčkovo náměstí,26.98,560,492,0.82,1.01,0.68,0.61,0.08,0.06,0.01,0.03,0.18,0.0,0.64,0.01,0.03,0.0,0.0,0.01,0.0,0.09,noc,P03,P03-OR_202311N_NJ.json,0.21,0.99
127400,Vrch Žižkov,0.1,93,91,0.83,0.85,0.73,0.47,0.14,0.05,0.0,0.01,0.14,0.15,0.54,0.0,0.01,0.0,0.0,0.01,0.0,0.11,noc,P03,P03-OR_202311N_NJ.json,0.15,0.97
127418,Pod Pražačkou,62.63,1162,1102,0.88,1.02,0.78,0.66,0.14,0.06,0.0,0.01,0.12,0.0,0.71,0.0,0.02,0.0,0.0,0.01,0.0,0.12,noc,P03,P03-OR_202311N_NJ.json,0.13,0.99
127426,Na Krejcárku,30.33,882,843,0.88,0.79,0.74,0.48,0.11,0.06,0.01,0.02,0.09,0.21,0.52,0.0,0.02,0.0,0.0,0.01,0.0,0.11,noc,P03,P03-OR_202311N_NJ.json,0.11,0.98
127434,Na Balkáně,0.06,174,166,0.74,0.44,0.62,0.26,0.01,0.02,0.0,0.02,0.11,0.56,0.27,0.0,0.01,0.0,0.0,0.0,0.0,0.01,noc,P03,P03-OR_202311N_NJ.json,0.13,0.98
127540,Náměstí Jiřího z Poděbrad,40.37,1040,994,0.9,1.08,0.79,0.72,0.13,0.06,0.01,0.02,0.11,0.0,0.72,0.0,0.04,0.0,0.0,0.01,0.0,0.17,noc,P03,P03-OR_202311N_NJ.json,0.13,1.07
127558,Škroupovo náměstí,40.32,789,754,0.91,1.09,0.79,0.73,0.13,0.08,0.02,0.03,0.1,0.0,0.77,0.01,0.03,0.0,0.0,0.02,0.0,0.14,noc,P03,P03-OR_202311N_NJ.json,0.13,1.1
127566,Sladkovského náměstí,55.91,967,944,0.88,1.0,0.76,0.67,0.09,0.07,0.01,0.02,0.12,0.0,0.7,0.0,0.03,0.01,0.0,0.02,0.0,0.1,noc,P03,P03-OR_202311N_NJ.json,0.15,1.01
127574,U Rajské zahrady,0.5,175,170,0.73,0.59,0.5,0.22,0.07,0.06,0.02,0.05,0.16,0.41,0.31,0.0,0.02,0.0,0.0,0.02,0.0,0.04,noc,P03,P03-OR_202311N_NJ.json,0.21,1.01
127582,Kostnické náměstí,46.84,832,802,0.84,0.9,0.73,0.56,0.09,0.05,0.02,0.02,0.14,0.1,0.61,0.0,0.02,0.0,0.0,0.01,0.0,0.08,noc,P03,P03-OR_202311N_NJ.json,0.16,0.98
127337,Na Ohradě,56.12,841,809,0.92,0.85,0.81,0.59,0.1,0.04,0.01,0.0,0.07,0.15,0.59,0.0,0.01,0.0,0.0,0.0,0.0,0.13,noc,P03,P03-OR_202311N_NJ.json,0.07,0.95
127345,Vápenka,22.67,406,395,0.91,1.01,0.8,0.72,0.08,0.03,0.03,0.04,0.09,0.0,0.66,0.01,0.02,0.0,0.0,0.0,0.0,0.18,noc,P03,P03-OR_202311N_NJ.json,0.13,1.0
127353,Židovské pece,16.25,346,330,0.85,0.95,0.75,0.58,0.13,0.05,0.02,0.02,0.14,0.05,0.64,0.01,0.01,0.0,0.0,0.01,0.0,0.11,noc,P03,P03-OR_202311N_NJ.json,0.16,0.99
127361,Nákladové nádraží,0.19,19,19,0.74,0.76,0.44,0.26,0.07,0.09,0.0,0.06,0.2,0.24,0.42,0.0,0.0,0.0,0.0,0.0,0.0,0.01,noc,P03,P03-OR_202311N_NJ.json,0.26,0.93
127442,Chmelnice,30.93,647,613,0.88,0.83,0.79,0.61,0.05,0.02,0.03,0.02,0.1,0.17,0.56,0.01,0.01,0.0,0.0,0.01,0.0,0.12,noc,P03,P03-OR_202311N_NJ.json,0.12,1.0
127451,Jarov,36.19,692,665,0.93,0.95,0.83,0.74,0.05,0.03,0.03,0.01,0.07,0.05,0.67,0.0,0.01,0.0,0.0,0.0,0.0,0.16,noc,P03,P03-OR_202311N_NJ.json,0.08,0.97
127469,Vackov,24.56,605,587,0.88,0.68,0.79,0.51,0.03,0.02,0.02,0.01,0.08,0.32,0.45,0.0,0.01,0.0,0.0,0.0,0.0,0.12,noc,P03,P03-OR_202311N_NJ.json,0.09,0.99
127493,Olšanské hřbitovy,0.96,330,321,0.84,0.35,0.63,0.15,0.07,0.04,0.0,0.03,0.06,0.65,0.22,0.0,0.0,0.0,0.0,0.01,0.0,0.03,noc,P03,P03-OR_202311N_NJ.json,0.09,1.0
127507,Stromky,29.93,597,569,0.9,0.88,0.75,0.59,0.06,0.07,0.01,0.01,0.09,0.12,0.57,0.01,0.02,0.0,0.0,0.01,0.0,0.14,noc,P03,P03-OR_202311N_NJ.json,0.1,0.97
127515,Flora,47.99,896,866,0.92,1.07,0.81,0.72,0.15,0.07,0.01,0.02,0.08,0.0,0.72,0.01,0.03,0.0,0.0,0.01,0.0,0.19,noc,P03,P03-OR_202311N_NJ.json,0.1,1.06
127523,Řipská,40.59,702,673,0.89,0.97,0.75,0.61,0.12,0.07,0.01,0.02,0.1,0.03,0.64,0.0,0.03,0.01,0.0,0.01,0.0,0.13,noc,P03,P03-OR_202311N_NJ.json,0.13,0.98
127531,U Olšan,61.77,953,911,0.92,1.03,0.82,0.74,0.11,0.04,0.01,0.02,0.08,0.0,0.69,0.0,0.03,0.0,0.0,0.01,0.0,0.17,noc,P03,P03-OR_202311N_NJ.json,0.1,1.0
315761,U nákladového nádraží,0.98,45,43,0.5,0.28,0.2,0.05,0.01,0.02,0.01,0.05,0.14,0.72,0.09,0.0,0.0,0.0,0.0,0.01,0.0,0.0,noc,P03,P03-OR_202311N_NJ.json,0.19,1.01
127396,Komenského náměstí,44.98,693,632,0.88,1.0,0.77,0.64,0.13,0.05,0.01,0.02,0.12,0.0,0.67,0.0,0.02,0.0,0.0,0.01,0.0,0.13,noc,P03,P03-OR_202311N_NJ.json,0.14,0.97
127728,Pankrác II,39.84,854,802,0.88,0.88,0.66,0.51,0.07,0.07,0.03,0.04,0.1,0.12,0.5,0.0,0.02,0.0,0.0,0.02,0.0,0.16,den,P04,P04-OR_202311D_NJ.json,0.14,0.96
127736,Na Veselí,52.23,958,915,0.87,0.93,0.75,0.63,0.07,0.05,0.02,0.02,0.12,0.07,0.59,0.01,0.03,0.0,0.0,0.0,0.0,0.13,den,P04,P04-OR_202311D_NJ.json,0.14,0.97
127744,Reitknechtka,0.08,44,41,0.78,0.73,0.6,0.35,0.09,0.05,0.02,0.06,0.16,0.27,0.42,0.04,0.0,0.0,0.0,0.01,0.0,0.05,den,P04,P04-OR_202311D_NJ.json,0.22,1.01
127752,Baarova,34.73,837,782,0.84,0.65,0.66,0.4,0.03,0.04,0.03,0.03,0.1,0.35,0.36,0.0,0.01,0.0,0.0,0.01,0.0,0.12,den,P04,P04-OR_202311D_NJ.json,0.13,0.98
127761,Kačerov,46.39,1082,1039,0.84,0.62,0.68,0.39,0.04,0.03,0.03,0.02,0.1,0.38,0.38,0.01,0.02,0.01,0.0,0.01,0.0,0.08,den,P04,P04-OR_202311D_NJ.json,0.13,1.02
128112,Braník-jih,0.96,158,157,0.74,0.26,0.48,0.06,0.07,0.01,0.02,0.04,0.07,0.74,0.13,0.0,0.01,0.0,0.0,0.01,0.0,0.0,den,P04,P04-OR_202311D_NJ.json,0.11,1.0
128121,Braník-střed,36.75,687,635,0.85,0.86,0.69,0.53,0.06,0.04,0.05,0.03,0.13,0.14,0.54,0.0,0.03,0.0,0.0,0.0,0.0,0.11,den,P04,P04-OR_202311D_NJ.json,0.16,0.98
128139,Braník-pobřeží,0.15,28,28,0.89,0.44,0.29,0.06,0.07,0.01,0.06,0.17,0.05,0.56,0.16,0.0,0.0,0.0,0.0,0.01,0.0,0.03,den,P04,P04-OR_202311D_NJ.json,0.22,0.98
127621,Na Zelené lišce,36.46,1322,1281,0.86,0.77,0.6,0.43,0.03,0.09,0.03,0.06,0.11,0.23,0.42,0.01,0.02,0.0,0.0,0.01,0.0,0.13,den,P04,P04-OR_202311D_NJ.json,0.17,0.99
127639,Pankrác-průmyslový obvod,0.41,28,28,0.84,0.76,0.49,0.34,0.03,0.13,0.05,0.07,0.12,0.24,0.37,0.0,0.14,0.0,0.0,0.06,0.0,0.05,den,P04,P04-OR_202311D_NJ.json,0.19,1.05
127647,Michelská,51.04,1589,1516,0.86,0.75,0.61,0.42,0.04,0.04,0.04,0.08,0.1,0.25,0.39,0.0,0.02,0.0,0.0,0.01,0.0,0.12,den,P04,P04-OR_202311D_NJ.json,0.18,0.97
127949,U soudu,5.75,288,278,0.87,0.56,0.73,0.31,0.11,0.03,0.01,0.03,0.08,0.44,0.35,0.01,0.02,0.0,0.0,0.0,0.0,0.07,den,P04,P04-OR_202311D_NJ.json,0.11,1.0
128171,Fidlovačka,19.68,676,647,0.8,0.67,0.51,0.27,0.07,0.07,0.03,0.07,0.13,0.33,0.37,0.0,0.03,0.01,0.0,0.0,0.0,0.04,den,P04,P04-OR_202311D_NJ.json,0.21,0.99
128180,U Fidlovačky-východ,0.02,41,41,0.64,0.76,0.23,0.03,0.15,0.08,0.1,0.12,0.27,0.24,0.31,0.0,0.04,0.0,0.0,0.0,0.0,0.02,den,P04,P04-OR_202311D_NJ.json,0.39,1.0
128198,Nuselský obvod,52.76,1343,1289,0.84,0.84,0.64,0.49,0.05,0.03,0.04,0.06,0.14,0.16,0.51,0.01,0.03,0.0,0.0,0.01,0.0,0.07,den,P04,P04-OR_202311D_NJ.json,0.2,0.99
127710,Pankrác I-západ,16.22,361,335,0.89,0.7,0.73,0.48,0.03,0.07,0.01,0.02,0.07,0.3,0.42,0.01,0.02,0.0,0.0,0.0,0.0,0.13,den,P04,P04-OR_202311D_NJ.json,0.09,0.97
127957,U Jezerky,41.65,929,870,0.85,0.88,0.67,0.47,0.12,0.04,0.03,0.06,0.13,0.12,0.51,0.0,0.04,0.0,0.0,0.0,0.0,0.1,den,P04,P04-OR_202311D_NJ.json,0.19,0.96
127965,Tyršův vrch,37.91,781,747,0.8,0.75,0.61,0.41,0.05,0.06,0.03,0.04,0.15,0.25,0.44,0.0,0.04,0.0,0.0,0.01,0.0,0.06,den,P04,P04-OR_202311D_NJ.json,0.19,0.99
127884,Braník-Nad lomem,24.7,853,839,0.81,0.51,0.6,0.28,0.02,0.04,0.02,0.03,0.1,0.49,0.27,0.0,0.03,0.0,0.0,0.01,0.0,0.06,den,P04,P04-OR_202311D_NJ.json,0.13,0.99
127892,Dvorce,27.49,737,713,0.8,0.6,0.58,0.33,0.02,0.06,0.03,0.03,0.12,0.4,0.35,0.0,0.02,0.0,0.0,0.01,0.0,0.07,den,P04,P04-OR_202311D_NJ.json,0.15,1.0
127906,Děkanka,0.31,262,254,0.79,0.67,0.33,0.14,0.08,0.07,0.04,0.16,0.14,0.33,0.27,0.0,0.03,0.0,0.0,0.02,0.0,0.04,den,P04,P04-OR_202311D_NJ.json,0.3,0.99
127698,Horní Jeremenkova,22.16,583,564,0.87,0.45,0.64,0.28,0.01,0.04,0.02,0.02,0.06,0.55,0.27,0.01,0.03,0.0,0.0,0.01,0.0,0.05,den,P04,P04-OR_202311D_NJ.json,0.08,1.0
127701,Pankrác I-východ,20.33,794,764,0.88,0.76,0.68,0.47,0.05,0.08,0.02,0.03,0.1,0.24,0.48,0.0,0.01,0.0,0.0,0.02,0.0,0.13,den,P04,P04-OR_202311D_NJ.json,0.13,1.01
128147,Veslařský ostrov-Plavecký stadion,0.23,356,347,0.78,0.44,0.1,0.04,0.01,0.03,0.05,0.19,0.1,0.56,0.09,0.0,0.0,0.0,0.0,0.01,0.0,0.02,den,P04,P04-OR_202311D_NJ.json,0.29,0.97
128155,Staré Podolí,45.95,1226,1167,0.85,0.82,0.64,0.46,0.06,0.05,0.04,0.06,0.12,0.18,0.48,0.0,0.02,0.01,0.0,0.01,0.0,0.1,den,P04,P04-OR_202311D_NJ.json,0.19,0.99
128163,Pankrácké předmostí,22.1,593,507,0.82,0.89,0.65,0.54,0.04,0.04,0.03,0.07,0.16,0.11,0.49,0.0,0.03,0.01,0.0,0.01,0.0,0.12,den,P04,P04-OR_202311D_NJ.json,0.24,1.01
127591,Horní Krč,25.6,673,640,0.78,0.59,0.45,0.21,0.05,0.06,0.05,0.05,0.13,0.41,0.26,0.0,0.03,0.02,0.0,0.02,0.0,0.06,den,P04,P04-OR_202311D_NJ.json,0.2,1.0
127604,Dolní Krč-Ryšánka,27.52,610,589,0.78,0.61,0.59,0.34,0.02,0.04,0.03,0.03,0.13,0.39,0.29,0.0,0.03,0.0,0.0,0.01,0.0,0.1,den,P04,P04-OR_202311D_NJ.json,0.16,0.98
127612,Antala Staška,37.84,1050,1006,0.84,0.7,0.62,0.4,0.04,0.05,0.02,0.05,0.11,0.3,0.39,0.0,0.02,0.0,0.0,0.01,0.0,0.1,den,P04,P04-OR_202311D_NJ.json,0.16,0.98
127914,Kavčí hory,0.0,16,15,0.87,0.92,0.67,0.61,0.0,0.09,0.01,0.08,0.12,0.08,0.44,0.0,0.0,0.0,0.0,0.02,0.0,0.28,den,P04,P04-OR_202311D_NJ.json,0.2,1.02
127922,Na Kavčích horách,22.88,861,840,0.83,0.49,0.66,0.29,0.03,0.03,0.02,0.02,0.08,0.51,0.26,0.0,0.02,0.01,0.0,0.01,0.0,0.09,den,P04,P04-OR_202311D_NJ.json,0.11,1.01
127931,Na Pankráci,51.8,1197,1124,0.82,0.8,0.58,0.4,0.06,0.05,0.03,0.09,0.14,0.2,0.4,0.0,0.03,0.01,0.0,0.01,0.0,0.1,den,P04,P04-OR_202311D_NJ.json,0.24,0.99
127973,Plynárna Michle,1.7,14,14,0.63,0.57,0.0,0.0,0.0,0.23,0.01,0.08,0.21,0.43,0.24,0.0,0.0,0.0,0.0,0.0,0.0,0.0,den,P04,P04-OR_202311D_NJ.json,0.29,0.96
127876,Braník-Na křížku,29.19,725,716,0.83,0.52,0.68,0.33,0.02,0.02,0.03,0.01,0.09,0.48,0.32,0.0,0.01,0.0,0.0,0.01,0.0,0.06,den,P04,P04-OR_202311D_NJ.json,0.1,0.98
315877,Budějovické náměstí-západ,2.0,123,118,0.3,0.89,0.03,0.01,0.02,0.1,0.05,0.19,0.62,0.11,0.13,0.0,0.01,0.01,0.0,0.0,0.0,0.03,den,P04,P04-OR_202311D_NJ.json,0.82,1.11
315893,Kačerov-metro,0.0,48,45,0.67,0.53,0.27,0.14,0.0,0.0,0.07,0.08,0.18,0.47,0.21,0.0,0.0,0.0,0.0,0.0,0.0,0.0,den,P04,P04-OR_202311D_NJ.json,0.26,0.94
305821,U Děkanky,0.0,8,4,0.14,0.35,0.0,0.0,0.0,0.0,0.0,0.05,0.3,0.65,0.0,0.0,0.0,0.0,0.0,0.05,0.0,0.0,den,P04,P04-OR_202311D_NJ.json,0.35,1.05
129046,Pod zahradou Kinských,12.37,468,417,0.76,0.78,0.48,0.32,0.06,0.05,0.06,0.09,0.19,0.22,0.34,0.0,0.05,0.0,0.0,0.02,0.0,0.08,den,P05,P05-OR_202311D_NJ.json,0.28,0.99
129054,Arbesovo náměstí,38.67,1324,1157,0.82,1.06,0.56,0.49,0.1,0.05,0.06,0.11,0.19,0.0,0.52,0.01,0.08,0.01,0.0,0.02,0.0,0.08,den,P05,P05-OR_202311D_NJ.json,0.31,1.03
129062,Na bělidle,27.88,533,479,0.8,1.1,0.6,0.56,0.1,0.06,0.05,0.08,0.22,0.0,0.59,0.01,0.08,0.0,0.0,0.02,0.0,0.08,den,P05,P05-OR_202311D_NJ.json,0.3,1.08
129071,Smíchovský pivovar,0.93,130,128,0.79,0.8,0.45,0.23,0.12,0.04,0.02,0.2,0.17,0.2,0.38,0.0,0.03,0.0,0.0,0.02,0.0,0.01,den,P05,P05-OR_202311D_NJ.json,0.37,1.01
129089,U železničního mostu,12.27,244,227,0.8,0.88,0.6,0.45,0.08,0.05,0.05,0.05,0.18,0.12,0.46,0.01,0.08,0.0,0.0,0.01,0.0,0.08,den,P05,P05-OR_202311D_NJ.json,0.23,0.99
129101,Zlíchov,1.85,70,67,0.71,0.55,0.42,0.2,0.03,0.04,0.09,0.03,0.16,0.45,0.25,0.0,0.02,0.0,0.0,0.0,0.0,0.09,den,P05,P05-OR_202311D_NJ.json,0.19,1.0
129119,Hlubočepy-nad nádražím,6.79,190,189,0.63,0.37,0.45,0.15,0.01,0.03,0.02,0.01,0.14,0.63,0.17,0.01,0.01,0.0,0.0,0.0,0.0,0.02,den,P05,P05-OR_202311D_NJ.json,0.15,0.99
129127,Klukovice,0.71,32,32,0.45,0.06,0.0,0.0,0.0,0.0,0.01,0.02,0.03,0.94,0.01,0.0,0.0,0.0,0.0,0.0,0.0,0.0,den,P05,P05-OR_202311D_NJ.json,0.05,1.0
129143,Pražská čtvrť-Na Žernovkách,3.86,130,130,0.95,0.19,0.76,0.09,0.06,0.02,0.01,0.0,0.01,0.81,0.16,0.0,0.0,0.0,0.0,0.0,0.0,0.01,den,P05,P05-OR_202311D_NJ.json,0.01,0.99
129160,Barrandov-ateliéry,0.08,10,10,0.55,0.73,0.09,0.06,0.0,0.06,0.11,0.09,0.33,0.27,0.21,0.0,0.0,0.0,0.0,0.0,0.0,0.03,den,P05,P05-OR_202311D_NJ.json,0.42,0.93
128937,Motol-západ,0.77,123,120,0.67,0.03,0.0,0.0,0.0,0.0,0.0,0.02,0.01,0.97,0.0,0.0,0.0,0.0,0.0,0.0,0.0,0.0,den,P05,P05-OR_202311D_NJ.json,0.03,1.0
128945,Motolská nemocnice,6.08,293,272,0.72,0.72,0.38,0.25,0.02,0.03,0.04,0.15,0.2,0.28,0.28,0.0,0.01,0.0,0.0,0.01,0.0,0.06,den,P05,P05-OR_202311D_NJ.json,0.35,0.99
128953,Homolka,30.46,843,822,0.87,0.54,0.72,0.37,0.02,0.01,0.02,0.04,0.07,0.46,0.3,0.01,0.01,0.0,0.0,0.01,0.0,0.1,den,P05,P05-OR_202311D_NJ.json,0.11,1.0
128961,Pod Kotlářkou,0.02,36,36,0.49,0.34,0.16,0.04,0.02,0.02,0.05,0.04,0.17,0.66,0.11,0.0,0.0,0.0,0.0,0.01,0.0,0.01,den,P05,P05-OR_202311D_NJ.json,0.21,1.0
128970,Kotlářka,8.77,41,41,0.78,0.21,0.47,0.1,0.0,0.04,0.02,0.0,0.04,0.79,0.14,0.0,0.0,0.0,0.0,0.0,0.0,0.02,den,P05,P05-OR_202311D_NJ.json,0.04,0.99
128694,Smíchov-jižní Radlická,22.52,474,455,0.8,0.79,0.67,0.46,0.06,0.03,0.02,0.04,0.16,0.21,0.44,0.0,0.03,0.01,0.0,0.01,0.0,0.1,den,P05,P05-OR_202311D_NJ.json,0.21,1.01
128708,Kesnerka,15.64,447,444,0.77,0.38,0.63,0.22,0.01,0.02,0.01,0.01,0.09,0.62,0.21,0.0,0.01,0.0,0.0,0.01,0.0,0.04,den,P05,P05-OR_202311D_NJ.json,0.1,0.99
128716,Dívčí hrady,5.54,110,110,0.83,0.36,0.73,0.26,0.01,0.01,0.01,0.0,0.06,0.64,0.21,0.01,0.01,0.0,0.0,0.0,0.0,0.05,den,P05,P05-OR_202311D_NJ.json,0.06,0.98
128988,Skalka,2.23,71,66,0.41,0.32,0.28,0.05,0.04,0.01,0.01,0.01,0.19,0.68,0.11,0.0,0.01,0.0,0.0,0.0,0.0,0.0,den,P05,P05-OR_202311D_NJ.json,0.2,1.0
128830,Staré Hlubočepy,16.96,477,472,0.77,0.35,0.66,0.22,0.01,0.01,0.01,0.01,0.08,0.65,0.2,0.0,0.01,0.0,0.0,0.0,0.0,0.05,den,P05,P05-OR_202311D_NJ.json,0.09,1.0
128643,Staré Radlice,12.96,522,519,0.8,0.43,0.64,0.26,0.01,0.03,0.01,0.02,0.09,0.57,0.23,0.0,0.01,0.0,0.0,0.01,0.0,0.07,den,P05,P05-OR_202311D_NJ.json,0.11,1.0
128651,Jinonice-průmyslový obvod-východ,0.0,3,3,0.91,0.67,0.91,0.61,0.0,0.0,0.0,0.0,0.06,0.33,0.47,0.0,0.0,0.0,0.0,0.0,0.0,0.13,den,P05,P05-OR_202311D_NJ.json,0.06,0.99
128848,Pod Dívčími hrady,0.74,30,30,0.96,0.04,0.19,0.0,0.01,0.0,0.01,0.02,0.0,0.96,0.01,0.0,0.0,0.0,0.0,0.0,0.0,0.0,den,P05,P05-OR_202311D_NJ.json,0.02,0.99
128678,Na Černém vrchu,18.63,540,532,0.8,0.62,0.66,0.38,0.03,0.03,0.01,0.02,0.12,0.38,0.34,0.0,0.02,0.0,0.0,0.01,0.0,0.09,den,P05,P05-OR_202311D_NJ.json,0.14,0.98
128686,Malvazinka,25.17,800,769,0.82,0.56,0.68,0.35,0.03,0.02,0.01,0.03,0.1,0.44,0.32,0.0,0.01,0.0,0.0,0.01,0.0,0.07,den,P05,P05-OR_202311D_NJ.json,0.13,0.98
128805,Smíchov-průmyslový obvod,1.56,93,86,0.66,0.93,0.29,0.22,0.05,0.06,0.05,0.22,0.32,0.07,0.3,0.0,0.03,0.01,0.0,0.02,0.0,0.04,den,P05,P05-OR_202311D_NJ.json,0.55,1.02
128813,Na Skalce,42.12,945,889,0.82,0.79,0.61,0.43,0.05,0.05,0.03,0.07,0.15,0.21,0.45,0.0,0.04,0.0,0.0,0.01,0.0,0.06,den,P05,P05-OR_202311D_NJ.json,0.22,0.99
128821,Smíchovské nádraží,2.71,179,173,0.77,0.69,0.29,0.13,0.07,0.06,0.05,0.16,0.16,0.31,0.25,0.0,0.01,0.0,0.0,0.01,0.0,0.04,den,P05,P05-OR_202311D_NJ.json,0.32,0.94
128996,U Císařky,0.0,71,71,0.81,0.02,0.81,0.02,0.0,0.0,0.0,0.0,0.0,0.98,0.01,0.0,0.01,0.0,0.0,0.0,0.0,0.0,den,P05,P05-OR_202311D_NJ.json,0.0,1.0
129003,Klamovka,42.12,1181,1148,0.79,0.38,0.67,0.23,0.03,0.02,0.01,0.01,0.08,0.62,0.21,0.0,0.02,0.0,0.0,0.01,0.0,0.06,den,P05,P05-OR_202311D_NJ.json,0.09,1.01
129011,Na Hřebenkách,20.59,579,559,0.75,0.38,0.61,0.19,0.04,0.02,0.0,0.01,0.09,0.62,0.2,0.0,0.02,0.0,0.0,0.0,0.0,0.03,den,P05,P05-OR_202311D_NJ.json,0.1,0.97
129020,Zahrada Kinských,0.06,95,86,0.78,0.6,0.56,0.25,0.09,0.02,0.01,0.08,0.13,0.4,0.3,0.0,0.02,0.0,0.0,0.01,0.0,0.05,den,P05,P05-OR_202311D_NJ.json,0.21,0.99
129038,Na Újezdě,12.34,375,347,0.82,1.02,0.49,0.46,0.04,0.07,0.1,0.14,0.19,0.0,0.47,0.01,0.06,0.02,0.0,0.03,0.0,0.1,den,P05,P05-OR_202311D_NJ.json,0.35,1.04
129151,Barrandov,8.39,294,288,0.79,0.5,0.61,0.3,0.0,0.02,0.03,0.02,0.1,0.5,0.28,0.0,0.01,0.0,0.0,0.01,0.0,0.06,den,P05,P05-OR_202311D_NJ.json,0.12,0.98
128759,Pod Vidoulí,1.25,23,23,0.77,0.39,0.69,0.2,0.07,0.0,0.03,0.0,0.09,0.61,0.3,0.0,0.0,0.0,0.0,0.0,0.0,0.0,den,P05,P05-OR_202311D_NJ.json,0.09,1.0
128767,Košíře-střed,47.64,1017,998,0.85,0.61,0.74,0.42,0.03,0.03,0.01,0.01,0.09,0.39,0.39,0.01,0.01,0.0,0.0,0.01,0.0,0.09,den,P05,P05-OR_202311D_NJ.json,0.1,1.0
128775,Kavalírka,26.51,459,434,0.81,0.82,0.67,0.48,0.06,0.05,0.02,0.03,0.15,0.18,0.49,0.0,0.03,0.0,0.0,0.01,0.0,0.09,den,P05,P05-OR_202311D_NJ.json,0.18,0.98
128783,Vrchlického,27.68,436,403,0.77,0.81,0.59,0.43,0.06,0.04,0.01,0.05,0.19,0.19,0.45,0.01,0.02,0.0,0.0,0.01,0.0,0.06,den,P05,P05-OR_202311D_NJ.json,0.24,0.98
128791,U malostranského hřbitova,32.56,619,564,0.77,0.86,0.43,0.3,0.07,0.07,0.04,0.16,0.19,0.14,0.38,0.0,0.03,0.0,0.0,0.02,0.0,0.06,den,P05,P05-OR_202311D_NJ.json,0.35,0.98
150584,Pražská čtvrť-západ,9.52,267,258,0.89,0.57,0.78,0.33,0.11,0.03,0.01,0.01,0.06,0.43,0.38,0.01,0.01,0.0,0.0,0.0,0.0,0.08,den,P05,P05-OR_202311D_NJ.json,0.07,0.98
316539,Barrandov VII,11.24,270,263,0.82,0.57,0.64,0.27,0.1,0.05,0.01,0.02,0.1,0.43,0.38,0.0,0.02,0.0,0.0,0.01,0.0,0.03,den,P05,P05-OR_202311D_NJ.json,0.12,0.99
316377,U motolské nemocnice,4.12,23,20,0.74,0.54,0.45,0.24,0.0,0.14,0.0,0.01,0.14,0.46,0.37,0.0,0.01,0.0,0.0,0.01,0.0,0.0,den,P05,P05-OR_202311D_NJ.json,0.15,1.0
316491,Barrandov III,41.28,1076,1045,0.94,0.7,0.85,0.5,0.09,0.02,0.01,0.01,0.04,0.3,0.47,0.01,0.02,0.0,0.0,0.0,0.0,0.13,den,P05,P05-OR_202311D_NJ.json,0.05,0.98
316504,Barrandov IV,37.61,940,900,0.88,0.72,0.75,0.47,0.07,0.04,0.02,0.03,0.09,0.28,0.42,0.01,0.02,0.0,0.0,0.01,0.0,0.14,den,P05,P05-OR_202311D_NJ.json,0.12,1.0
316512,Barrandov V,43.23,796,767,0.93,0.72,0.83,0.5,0.09,0.02,0.02,0.01,0.05,0.28,0.53,0.0,0.01,0.0,0.0,0.0,0.0,0.09,den,P05,P05-OR_202311D_NJ.json,0.06,0.97
305871,Dětský ostrov,0.0,170,168,0.83,0.91,0.53,0.42,0.06,0.04,0.06,0.13,0.16,0.09,0.42,0.01,0.09,0.01,0.0,0.02,0.0,0.05,den,P05,P05-OR_202311D_NJ.json,0.3,0.99
305880,Na bělidle-nábřeží,0.0,6,6,0.84,0.84,0.66,0.52,0.04,0.06,0.05,0.04,0.14,0.16,0.61,0.0,0.05,0.01,0.0,0.01,0.0,0.0,den,P05,P05-OR_202311D_NJ.json,0.19,1.03
316385,Nový Zlíchov,0.04,93,91,0.82,0.39,0.43,0.15,0.02,0.0,0.02,0.08,0.07,0.61,0.14,0.0,0.01,0.0,0.0,0.01,0.0,0.04,den,P05,P05-OR_202311D_NJ.json,0.15,0.96
316326,Radlice-průmyslový obvod,0.05,108,108,0.72,0.27,0.03,0.0,0.01,0.06,0.02,0.1,0.08,0.73,0.07,0.0,0.0,0.0,0.0,0.01,0.0,0.01,den,P05,P05-OR_202311D_NJ.json,0.18,1.0
128660,Jinonická,36.32,1090,1068,0.86,0.43,0.73,0.3,0.01,0.03,0.0,0.01,0.06,0.57,0.26,0.0,0.01,0.0,0.0,0.01,0.0,0.07,den,P05,P05-OR_202311D_NJ.json,0.07,0.99
128911,Na hliníku,0.23,171,168,0.88,0.39,0.73,0.27,0.01,0.02,0.02,0.0,0.05,0.61,0.25,0.0,0.01,0.0,0.0,0.0,0.0,0.07,den,P05,P05-OR_202311D_NJ.json,0.05,0.99
316482,Barrandov II,37.53,826,806,0.92,0.59,0.83,0.42,0.07,0.02,0.01,0.01,0.05,0.41,0.36,0.0,0.0,0.0,0.0,0.0,0.0,0.15,den,P05,P05-OR_202311D_NJ.json,0.06,0.98
316474,Barrandov I,8.73,95,93,0.77,0.46,0.62,0.27,0.02,0.03,0.01,0.01,0.11,0.54,0.26,0.0,0.01,0.0,0.0,0.01,0.0,0.05,den,P05,P05-OR_202311D_NJ.json,0.12,0.99
320773,U Ladronky,0.0,20,20,1.0,0.01,0.0,0.0,0.0,0.0,0.0,0.0,0.0,0.99,0.0,0.0,0.0,0.0,0.0,0.0,0.0,0.0,den,P05,P05-OR_202311D_NJ.json,0.0,0.99
129101,Zlíchov,1.85,70,67,0.74,0.28,0.68,0.19,0.0,0.0,0.0,0.0,0.07,0.72,0.12,0.0,0.0,0.0,0.0,0.0,0.0,0.07,noc,P05,P05-OR_202311N_NJ.json,0.07,0.98
129119,Hlubočepy-nad nádražím,6.79,190,189,0.7,0.42,0.54,0.21,0.02,0.03,0.01,0.01,0.13,0.58,0.22,0.01,0.02,0.0,0.0,0.01,0.0,0.03,noc,P05,P05-OR_202311N_NJ.json,0.14,1.01
129143,Pražská čtvrť-Na Žernovkách,3.86,130,130,0.84,0.22,0.79,0.11,0.06,0.01,0.0,0.0,0.04,0.78,0.17,0.0,0.0,0.0,0.0,0.0,0.0,0.01,noc,P05,P05-OR_202311N_NJ.json,0.04,1.0
128830,Staré Hlubočepy,16.96,477,472,0.8,0.33,0.71,0.22,0.01,0.01,0.01,0.0,0.07,0.67,0.2,0.0,0.01,0.0,0.0,0.0,0.0,0.04,noc,P05,P05-OR_202311N_NJ.json,0.07,0.99
150584,Pražská čtvrť-západ,9.52,267,258,0.88,0.68,0.81,0.4,0.15,0.02,0.01,0.0,0.08,0.32,0.49,0.0,0.01,0.0,0.0,0.0,0.0,0.07,noc,P05,P05-OR_202311N_NJ.json,0.08,0.97
316539,Barrandov VII,11.24,270,263,0.84,0.73,0.7,0.4,0.11,0.05,0.02,0.02,0.12,0.27,0.51,0.0,0.02,0.0,0.0,0.01,0.0,0.04,noc,P05,P05-OR_202311N_NJ.json,0.14,0.99
316491,Barrandov III,41.28,1076,1045,0.93,0.86,0.86,0.62,0.12,0.02,0.02,0.01,0.06,0.14,0.6,0.01,0.03,0.0,0.0,0.0,0.0,0.14,noc,P05,P05-OR_202311N_NJ.json,0.07,0.99
316504,Barrandov IV,37.61,911,887,0.91,0.7,0.83,0.51,0.07,0.02,0.02,0.01,0.06,0.3,0.47,0.0,0.02,0.0,0.0,0.0,0.0,0.13,noc,P05,P05-OR_202311N_NJ.json,0.07,0.99
316512,Barrandov V,43.23,796,767,0.92,0.78,0.84,0.54,0.11,0.02,0.02,0.01,0.06,0.22,0.58,0.0,0.01,0.0,0.0,0.0,0.0,0.08,noc,P05,P05-OR_202311N_NJ.json,0.07,0.96
316482,Barrandov II,37.53,826,806,0.92,0.7,0.85,0.51,0.09,0.02,0.01,0.01,0.06,0.3,0.44,0.01,0.01,0.0,0.0,0.0,0.0,0.17,noc,P05,P05-OR_202311N_NJ.json,0.07,1.0
130095,Dejvická,37.08,982,934,0.87,0.97,0.63,0.49,0.12,0.06,0.09,0.06,0.13,0.03,0.56,0.0,0.07,0.01,0.0,0.01,0.0,0.12,den,P06,P06-OR_202311D_NJ.json,0.2,1.0
130061,Císařský ostrov I,2.08,127,121,0.77,0.44,0.29,0.11,0.01,0.06,0.07,0.05,0.1,0.56,0.16,0.0,0.04,0.0,0.0,0.0,0.0,0.06,den,P06,P06-OR_202311D_NJ.json,0.15,0.97
130087,Náměstí Svobody,86.6,1927,1787,0.88,0.98,0.67,0.56,0.09,0.04,0.07,0.06,0.12,0.02,0.56,0.0,0.05,0.0,0.0,0.01,0.0,0.15,den,P06,P06-OR_202311D_NJ.json,0.18,0.97
130079,Nový Bubeneč,49.33,1522,1430,0.91,0.85,0.68,0.46,0.12,0.05,0.05,0.07,0.08,0.15,0.51,0.01,0.03,0.0,0.0,0.01,0.0,0.12,den,P06,P06-OR_202311D_NJ.json,0.15,0.98
129755,Ruzyně-nad tratí,0.31,24,24,1.0,0.68,0.45,0.17,0.14,0.02,0.08,0.17,0.0,0.32,0.36,0.01,0.0,0.0,0.0,0.01,0.0,0.03,den,P06,P06-OR_202311D_NJ.json,0.17,0.9
129763,Na Dědině-východ,8.45,307,298,0.87,0.73,0.68,0.33,0.16,0.03,0.07,0.02,0.1,0.27,0.46,0.0,0.03,0.0,0.0,0.01,0.0,0.11,den,P06,P06-OR_202311D_NJ.json,0.12,1.0
129780,Horní Liboc,19.66,166,161,0.89,0.53,0.68,0.34,0.02,0.02,0.06,0.02,0.06,0.47,0.32,0.0,0.01,0.0,0.0,0.01,0.0,0.11,den,P06,P06-OR_202311D_NJ.json,0.08,1.0
129798,Dolní Liboc,21.63,600,585,0.91,0.64,0.71,0.45,0.01,0.04,0.05,0.02,0.06,0.36,0.41,0.0,0.03,0.0,0.0,0.01,0.0,0.11,den,P06,P06-OR_202311D_NJ.json,0.08,1.0
129801,U Dolní Liboci,3.8,46,46,0.92,0.72,0.64,0.29,0.17,0.08,0.08,0.04,0.06,0.28,0.48,0.01,0.02,0.0,0.0,0.02,0.0,0.1,den,P06,P06-OR_202311D_NJ.json,0.1,1.01
129810,Na Dědině,42.1,786,749,0.92,0.8,0.75,0.49,0.11,0.01,0.05,0.02,0.06,0.2,0.47,0.0,0.02,0.0,0.0,0.0,0.0,0.18,den,P06,P06-OR_202311D_NJ.json,0.08,0.95
129291,Ořechovka,25.23,1723,1657,0.83,0.35,0.57,0.19,0.01,0.04,0.02,0.02,0.06,0.65,0.18,0.0,0.02,0.0,0.0,0.01,0.0,0.05,den,P06,P06-OR_202311D_NJ.json,0.08,0.99
129305,Střešovice-jih,43.65,1365,1330,0.86,0.51,0.66,0.32,0.02,0.04,0.02,0.02,0.07,0.49,0.3,0.0,0.02,0.0,0.0,0.01,0.0,0.08,den,P06,P06-OR_202311D_NJ.json,0.09,0.99
129313,Strahovské koleje,6.63,8,8,0.74,0.5,0.0,0.0,0.0,0.12,0.17,0.07,0.13,0.5,0.2,0.0,0.05,0.02,0.0,0.0,0.0,0.02,den,P06,P06-OR_202311D_NJ.json,0.22,1.01
129411,Staré Vokovice,26.25,680,662,0.87,0.55,0.67,0.36,0.01,0.04,0.04,0.02,0.07,0.45,0.34,0.0,0.02,0.0,0.0,0.01,0.0,0.09,den,P06,P06-OR_202311D_NJ.json,0.09,1.0
129437,Nad Šárkou,0.0,62,60,0.94,0.02,0.78,0.02,0.0,0.0,0.0,0.0,0.0,0.98,0.0,0.0,0.0,0.0,0.0,0.0,0.0,0.02,den,P06,P06-OR_202311D_NJ.json,0.0,1.0
129470,Baba,14.86,513,505,0.82,0.45,0.6,0.26,0.0,0.04,0.02,0.02,0.08,0.55,0.19,0.0,0.01,0.02,0.0,0.01,0.0,0.1,den,P06,P06-OR_202311D_NJ.json,0.12,1.0
129488,Juliska,0.35,15,13,0.48,0.2,0.0,0.0,0.0,0.01,0.02,0.02,0.1,0.8,0.03,0.0,0.0,0.0,0.0,0.0,0.0,0.0,den,P06,P06-OR_202311D_NJ.json,0.12,0.95
129496,Vozovna Podbaba,9.27,59,57,0.82,0.85,0.4,0.19,0.15,0.12,0.1,0.13,0.15,0.15,0.46,0.0,0.02,0.0,0.0,0.09,0.0,0.07,den,P06,P06-OR_202311D_NJ.json,0.28,1.07
129500,U Internationálu,41.51,1003,954,0.9,0.76,0.66,0.44,0.06,0.06,0.04,0.06,0.08,0.24,0.45,0.0,0.03,0.0,0.0,0.01,0.0,0.12,den,P06,P06-OR_202311D_NJ.json,0.14,0.99
129518,Vysoké školy,4.29,770,720,0.85,0.78,0.34,0.17,0.09,0.11,0.07,0.21,0.12,0.22,0.33,0.01,0.03,0.0,0.0,0.02,0.0,0.07,den,P06,P06-OR_202311D_NJ.json,0.33,1.01
129526,Úřednická kolonie,28.51,672,635,0.88,0.87,0.57,0.44,0.06,0.09,0.07,0.08,0.11,0.13,0.46,0.01,0.04,0.0,0.0,0.01,0.0,0.15,den,P06,P06-OR_202311D_NJ.json,0.19,0.99
129321,Kajetánka,6.7,256,244,0.82,0.61,0.65,0.35,0.05,0.04,0.02,0.03,0.11,0.39,0.35,0.0,0.02,0.0,0.0,0.0,0.0,0.08,den,P06,P06-OR_202311D_NJ.json,0.14,0.98
129330,Na bateriích,15.39,367,354,0.86,0.73,0.64,0.44,0.03,0.06,0.02,0.04,0.1,0.27,0.38,0.01,0.03,0.0,0.0,0.01,0.0,0.14,den,P06,P06-OR_202311D_NJ.json,0.14,0.98
129348,Střešovická nemocnice,0.69,188,160,0.68,0.68,0.13,0.07,0.02,0.09,0.07,0.2,0.22,0.32,0.19,0.0,0.01,0.0,0.0,0.01,0.0,0.04,den,P06,P06-OR_202311D_NJ.json,0.42,0.99
129356,Starý Veleslavín,9.25,312,303,0.81,0.58,0.35,0.17,0.03,0.04,0.04,0.17,0.11,0.42,0.22,0.01,0.01,0.0,0.0,0.02,0.0,0.05,den,P06,P06-OR_202311D_NJ.json,0.28,1.01
129364,Petřiny I,43.45,934,900,0.9,0.75,0.69,0.47,0.05,0.05,0.04,0.04,0.08,0.25,0.47,0.0,0.03,0.0,0.0,0.01,0.0,0.11,den,P06,P06-OR_202311D_NJ.json,0.12,0.99
129372,Petřiny II,28.51,627,599,0.91,0.77,0.72,0.51,0.05,0.06,0.04,0.02,0.07,0.23,0.46,0.0,0.01,0.0,0.0,0.0,0.0,0.19,den,P06,P06-OR_202311D_NJ.json,0.09,0.98
129381,Petřiny III,29.56,1016,984,0.9,0.69,0.65,0.42,0.03,0.05,0.06,0.03,0.07,0.31,0.42,0.0,0.02,0.0,0.0,0.01,0.0,0.11,den,P06,P06-OR_202311D_NJ.json,0.1,0.97
129453,Dolní a Horní Šárka,1.31,39,37,0.66,0.38,0.52,0.14,0.06,0.02,0.02,0.01,0.13,0.62,0.21,0.0,0.01,0.0,0.0,0.0,0.0,0.03,den,P06,P06-OR_202311D_NJ.json,0.14,1.01
129534,Nádraží Dejvice,0.36,192,181,0.83,0.9,0.51,0.32,0.13,0.07,0.13,0.06,0.15,0.1,0.55,0.0,0.02,0.0,0.0,0.03,0.0,0.07,den,P06,P06-OR_202311D_NJ.json,0.21,0.98
129542,U Písecké brány,2.05,324,315,0.88,0.68,0.5,0.28,0.06,0.05,0.15,0.05,0.08,0.32,0.39,0.01,0.04,0.0,0.0,0.01,0.0,0.1,den,P06,P06-OR_202311D_NJ.json,0.13,1.0
129551,Na hradbách,0.07,224,219,0.84,0.59,0.18,0.08,0.03,0.12,0.11,0.14,0.09,0.41,0.28,0.0,0.01,0.0,0.0,0.02,0.0,0.03,den,P06,P06-OR_202311D_NJ.json,0.23,0.98
129569,Strahov,0.79,118,115,0.8,0.51,0.45,0.16,0.07,0.06,0.04,0.07,0.1,0.49,0.26,0.0,0.02,0.0,0.0,0.01,0.0,0.04,den,P06,P06-OR_202311D_NJ.json,0.17,0.99
129585,Nový Břevnov,53.14,1153,1091,0.88,0.81,0.69,0.51,0.05,0.04,0.04,0.04,0.1,0.19,0.45,0.01,0.02,0.0,0.0,0.01,0.0,0.16,den,P06,P06-OR_202311D_NJ.json,0.14,0.98
129593,Velký Břevnov,57.28,2146,2096,0.85,0.57,0.66,0.35,0.03,0.04,0.03,0.03,0.09,0.43,0.33,0.0,0.03,0.0,0.0,0.01,0.0,0.07,den,P06,P06-OR_202311D_NJ.json,0.12,0.99
129399,Nový Veleslavín,11.16,419,409,0.82,0.65,0.48,0.3,0.01,0.04,0.05,0.11,0.12,0.35,0.32,0.0,0.01,0.0,0.0,0.01,0.0,0.07,den,P06,P06-OR_202311D_NJ.json,0.23,0.99
129402,U Nového Veleslavína,1.07,23,23,0.8,0.69,0.71,0.49,0.0,0.0,0.04,0.0,0.14,0.31,0.27,0.0,0.03,0.0,0.0,0.0,0.0,0.22,den,P06,P06-OR_202311D_NJ.json,0.14,0.97
129259,Kladenská,51.34,1476,1436,0.9,0.78,0.68,0.48,0.05,0.07,0.04,0.03,0.08,0.22,0.49,0.01,0.02,0.0,0.0,0.01,0.0,0.13,den,P06,P06-OR_202311D_NJ.json,0.11,0.99
129275,Hanspaulka,72.83,2358,2123,0.82,0.51,0.6,0.29,0.01,0.05,0.02,0.03,0.09,0.49,0.28,0.0,0.02,0.0,0.0,0.01,0.0,0.07,den,P06,P06-OR_202311D_NJ.json,0.12,0.99
129283,Staré Dejvice,17.76,775,751,0.87,0.62,0.56,0.31,0.04,0.05,0.03,0.1,0.08,0.38,0.32,0.0,0.03,0.0,0.0,0.01,0.0,0.08,den,P06,P06-OR_202311D_NJ.json,0.18,1.0
306282,Pod nemocnicí,20.43,604,561,0.82,0.59,0.6,0.29,0.06,0.06,0.03,0.02,0.11,0.41,0.31,0.0,0.01,0.0,0.0,0.01,0.0,0.12,den,P06,P06-OR_202311D_NJ.json,0.13,0.99
305928,Hradčanská-východ,8.16,160,138,0.83,1.01,0.5,0.46,0.04,0.08,0.12,0.07,0.17,0.0,0.53,0.0,0.05,0.0,0.0,0.02,0.0,0.13,den,P06,P06-OR_202311D_NJ.json,0.24,0.97
305936,Hradčanská-západ,0.0,35,34,0.83,0.51,0.66,0.3,0.04,0.01,0.01,0.06,0.09,0.49,0.3,0.0,0.02,0.0,0.0,0.03,0.0,0.04,den,P06,P06-OR_202311D_NJ.json,0.15,1.03
306291,Na Větrníku,6.08,351,319,0.79,0.67,0.32,0.21,0.01,0.06,0.04,0.2,0.14,0.33,0.22,0.0,0.02,0.0,0.0,0.01,0.0,0.07,den,P06,P06-OR_202311D_NJ.json,0.34,0.99
129267,Červený vrch,32.64,550,526,0.92,0.69,0.76,0.48,0.05,0.04,0.03,0.02,0.06,0.31,0.42,0.0,0.02,0.0,0.0,0.0,0.0,0.15,den,P06,P06-OR_202311D_NJ.json,0.08,0.98
130109,Starý Bubeneč,5.35,832,679,0.79,0.79,0.41,0.19,0.14,0.03,0.05,0.12,0.17,0.21,0.3,0.0,0.03,0.01,0.0,0.01,0.0,0.07,den,P06,P06-OR_202311D_NJ.json,0.3,0.93
130095,Dejvická,37.08,982,934,0.88,0.92,0.72,0.55,0.11,0.04,0.06,0.03,0.11,0.08,0.59,0.0,0.04,0.0,0.0,0.01,0.0,0.12,noc,P06,P06-OR_202311N_NJ.json,0.14,0.98
130061,Císařský ostrov I,2.08,127,121,0.66,0.2,0.46,0.08,0.01,0.02,0.01,0.0,0.07,0.8,0.08,0.0,0.01,0.0,0.0,0.0,0.0,0.04,noc,P06,P06-OR_202311N_NJ.json,0.07,1.0
130087,Náměstí Svobody,86.6,1922,1782,0.9,0.98,0.76,0.64,0.1,0.03,0.04,0.03,0.1,0.02,0.62,0.0,0.04,0.0,0.0,0.01,0.0,0.15,noc,P06,P06-OR_202311N_NJ.json,0.13,0.97
130079,Nový Bubeneč,49.33,1522,1430,0.91,0.77,0.75,0.47,0.11,0.04,0.03,0.03,0.07,0.23,0.51,0.0,0.02,0.0,0.0,0.01,0.0,0.11,noc,P06,P06-OR_202311N_NJ.json,0.1,0.98
129755,Ruzyně-nad tratí,0.31,24,24,1.0,0.83,0.71,0.34,0.25,0.01,0.05,0.14,0.0,0.17,0.55,0.02,0.01,0.0,0.0,0.0,0.0,0.07,noc,P06,P06-OR_202311N_NJ.json,0.14,0.96
129763,Na Dědině-východ,8.45,307,298,0.92,0.76,0.77,0.41,0.17,0.02,0.06,0.02,0.06,0.24,0.53,0.0,0.02,0.0,0.0,0.01,0.0,0.12,noc,P06,P06-OR_202311N_NJ.json,0.08,1.0
129780,Horní Liboc,19.66,166,161,0.88,0.63,0.7,0.42,0.02,0.02,0.06,0.02,0.07,0.37,0.39,0.0,0.01,0.0,0.0,0.02,0.0,0.11,noc,P06,P06-OR_202311N_NJ.json,0.09,0.99
129798,Dolní Liboc,21.63,600,585,0.92,0.72,0.76,0.53,0.01,0.03,0.05,0.02,0.06,0.28,0.47,0.01,0.03,0.0,0.0,0.01,0.0,0.11,noc,P06,P06-OR_202311N_NJ.json,0.08,0.99
129801,U Dolní Liboci,3.8,46,46,0.96,0.78,0.74,0.4,0.18,0.08,0.05,0.03,0.03,0.22,0.56,0.02,0.02,0.0,0.0,0.03,0.0,0.12,noc,P06,P06-OR_202311N_NJ.json,0.06,1.03
129810,Na Dědině,42.1,786,749,0.93,0.91,0.81,0.58,0.16,0.01,0.05,0.01,0.06,0.09,0.58,0.0,0.02,0.0,0.0,0.0,0.0,0.19,noc,P06,P06-OR_202311N_NJ.json,0.07,0.95
129291,Ořechovka,25.23,1723,1657,0.85,0.36,0.67,0.23,0.01,0.03,0.01,0.01,0.05,0.64,0.21,0.0,0.02,0.0,0.0,0.01,0.0,0.05,noc,P06,P06-OR_202311N_NJ.json,0.06,0.99
129305,Střešovice-jih,43.65,1365,1330,0.89,0.57,0.75,0.41,0.02,0.04,0.02,0.02,0.06,0.43,0.37,0.0,0.02,0.0,0.0,0.01,0.0,0.09,noc,P06,P06-OR_202311N_NJ.json,0.08,1.0
129411,Staré Vokovice,26.25,680,662,0.89,0.62,0.73,0.43,0.01,0.03,0.03,0.02,0.07,0.38,0.4,0.0,0.02,0.0,0.0,0.01,0.0,0.09,noc,P06,P06-OR_202311N_NJ.json,0.09,0.99
129437,Nad Šárkou,0.0,62,60,0.78,0.03,0.78,0.03,0.0,0.0,0.0,0.0,0.01,0.97,0.0,0.0,0.0,0.0,0.0,0.0,0.0,0.03,noc,P06,P06-OR_202311N_NJ.json,0.01,1.01
129470,Baba,14.86,513,505,0.86,0.44,0.67,0.3,0.0,0.04,0.03,0.01,0.06,0.56,0.23,0.0,0.02,0.0,0.0,0.01,0.0,0.11,noc,P06,P06-OR_202311N_NJ.json,0.07,1.0
129488,Juliska,0.35,15,13,0.0,0.07,0.0,0.0,0.0,0.0,0.0,0.0,0.07,0.93,0.0,0.0,0.0,0.0,0.0,0.0,0.0,0.0,noc,P06,P06-OR_202311N_NJ.json,0.07,1.0
129496,Vozovna Podbaba,9.27,59,57,0.81,0.68,0.54,0.24,0.14,0.06,0.04,0.07,0.13,0.32,0.4,0.0,0.0,0.0,0.0,0.06,0.0,0.06,noc,P06,P06-OR_202311N_NJ.json,0.2,1.04
129500,U Internationálu,41.51,1003,954,0.92,0.73,0.77,0.49,0.07,0.04,0.03,0.03,0.06,0.27,0.47,0.0,0.02,0.0,0.0,0.01,0.0,0.13,noc,P06,P06-OR_202311N_NJ.json,0.09,0.99
129518,Vysoké školy,4.29,770,720,0.84,0.45,0.61,0.18,0.09,0.04,0.02,0.05,0.07,0.55,0.26,0.0,0.02,0.0,0.0,0.01,0.0,0.05,noc,P06,P06-OR_202311N_NJ.json,0.12,1.01
129526,Úřednická kolonie,28.51,672,635,0.91,0.73,0.72,0.47,0.06,0.04,0.03,0.03,0.06,0.27,0.43,0.01,0.04,0.0,0.0,0.01,0.0,0.13,noc,P06,P06-OR_202311N_NJ.json,0.09,0.98
129321,Kajetánka,6.7,256,244,0.85,0.73,0.71,0.46,0.06,0.04,0.01,0.03,0.11,0.27,0.47,0.01,0.02,0.0,0.0,0.0,0.0,0.08,noc,P06,P06-OR_202311N_NJ.json,0.14,0.99
129330,Na bateriích,15.39,367,354,0.9,0.75,0.74,0.52,0.04,0.06,0.02,0.01,0.08,0.25,0.45,0.0,0.04,0.0,0.0,0.01,0.0,0.14,noc,P06,P06-OR_202311N_NJ.json,0.09,0.98
129348,Střešovická nemocnice,0.69,188,160,0.74,0.29,0.41,0.09,0.03,0.02,0.02,0.04,0.08,0.71,0.13,0.0,0.0,0.0,0.0,0.0,0.0,0.03,noc,P06,P06-OR_202311N_NJ.json,0.12,0.99
129356,Starý Veleslavín,9.25,339,329,0.8,0.44,0.52,0.22,0.01,0.02,0.02,0.06,0.09,0.56,0.2,0.0,0.02,0.0,0.0,0.01,0.0,0.05,noc,P06,P06-OR_202311N_NJ.json,0.15,0.99
129364,Petřiny I,43.45,934,900,0.91,0.86,0.75,0.58,0.07,0.04,0.04,0.03,0.08,0.14,0.59,0.0,0.02,0.0,0.0,0.01,0.0,0.12,noc,P06,P06-OR_202311N_NJ.json,0.11,0.99
129372,Petřiny II,28.51,627,599,0.93,0.81,0.81,0.6,0.05,0.04,0.03,0.01,0.06,0.19,0.51,0.0,0.01,0.0,0.0,0.0,0.0,0.19,noc,P06,P06-OR_202311N_NJ.json,0.07,0.97
129381,Petřiny III,29.56,1016,984,0.91,0.69,0.73,0.48,0.03,0.03,0.04,0.02,0.07,0.31,0.45,0.0,0.02,0.0,0.0,0.01,0.0,0.1,noc,P06,P06-OR_202311N_NJ.json,0.09,0.98
129453,Dolní a Horní Šárka,1.31,39,37,0.76,0.31,0.58,0.13,0.05,0.04,0.02,0.0,0.07,0.69,0.19,0.0,0.0,0.0,0.0,0.0,0.0,0.04,noc,P06,P06-OR_202311N_NJ.json,0.07,0.99
129534,Nádraží Dejvice,0.36,192,181,0.85,0.73,0.64,0.35,0.12,0.03,0.05,0.04,0.11,0.27,0.48,0.0,0.01,0.0,0.0,0.02,0.0,0.05,noc,P06,P06-OR_202311N_NJ.json,0.15,0.98
129542,U Písecké brány,2.05,324,315,0.9,0.54,0.7,0.3,0.08,0.03,0.04,0.03,0.06,0.46,0.31,0.01,0.03,0.0,0.0,0.01,0.0,0.09,noc,P06,P06-OR_202311N_NJ.json,0.09,1.0
129551,Na hradbách,0.07,224,219,0.88,0.3,0.5,0.12,0.03,0.03,0.02,0.05,0.04,0.7,0.17,0.0,0.01,0.0,0.0,0.0,0.0,0.02,noc,P06,P06-OR_202311N_NJ.json,0.09,0.99
129569,Strahov,0.79,118,115,0.78,0.54,0.52,0.19,0.09,0.04,0.02,0.07,0.12,0.46,0.29,0.0,0.02,0.0,0.0,0.01,0.0,0.04,noc,P06,P06-OR_202311N_NJ.json,0.19,1.01
129585,Nový Břevnov,53.14,1153,1091,0.9,0.94,0.76,0.66,0.06,0.03,0.04,0.03,0.09,0.06,0.59,0.01,0.02,0.0,0.0,0.01,0.0,0.16,noc,P06,P06-OR_202311N_NJ.json,0.12,0.97
129593,Velký Břevnov,57.28,2146,2096,0.87,0.63,0.73,0.43,0.03,0.03,0.02,0.03,0.08,0.37,0.4,0.0,0.03,0.0,0.0,0.01,0.0,0.07,noc,P06,P06-OR_202311N_NJ.json,0.11,0.99
129399,Nový Veleslavín,11.16,419,409,0.88,0.55,0.67,0.36,0.01,0.03,0.03,0.03,0.07,0.45,0.35,0.0,0.01,0.0,0.0,0.01,0.0,0.07,noc,P06,P06-OR_202311N_NJ.json,0.1,0.99
129402,U Nového Veleslavína,1.07,23,23,0.74,0.97,0.66,0.64,0.0,0.0,0.05,0.0,0.25,0.03,0.44,0.0,0.02,0.0,0.0,0.0,0.0,0.23,noc,P06,P06-OR_202311N_NJ.json,0.25,0.97
129259,Kladenská,51.34,1476,1436,0.9,0.8,0.75,0.56,0.05,0.04,0.03,0.02,0.08,0.2,0.52,0.0,0.02,0.0,0.0,0.0,0.0,0.13,noc,P06,P06-OR_202311N_NJ.json,0.1,0.97
129275,Hanspaulka,72.83,2358,2123,0.85,0.53,0.69,0.35,0.01,0.05,0.02,0.01,0.08,0.47,0.34,0.0,0.02,0.0,0.0,0.01,0.0,0.06,noc,P06,P06-OR_202311N_NJ.json,0.09,0.99
129283,Staré Dejvice,17.76,770,746,0.9,0.58,0.73,0.38,0.04,0.04,0.01,0.03,0.06,0.42,0.37,0.0,0.02,0.0,0.0,0.01,0.0,0.08,noc,P06,P06-OR_202311N_NJ.json,0.09,0.99
306282,Pod nemocnicí,20.43,604,561,0.91,0.64,0.79,0.43,0.07,0.04,0.02,0.0,0.06,0.36,0.42,0.0,0.01,0.0,0.0,0.0,0.0,0.13,noc,P06,P06-OR_202311N_NJ.json,0.06,0.98
305928,Hradčanská-východ,8.16,160,138,0.88,0.93,0.65,0.58,0.03,0.05,0.07,0.03,0.12,0.07,0.56,0.0,0.03,0.0,0.0,0.01,0.0,0.13,noc,P06,P06-OR_202311N_NJ.json,0.15,0.95
305936,Hradčanská-západ,0.0,35,34,0.94,0.45,0.8,0.35,0.01,0.02,0.01,0.02,0.03,0.55,0.34,0.0,0.0,0.0,0.0,0.02,0.0,0.05,noc,P06,P06-OR_202311N_NJ.json,0.05,1.01
306291,Na Větrníku,6.08,351,319,0.85,0.45,0.62,0.27,0.01,0.04,0.02,0.03,0.07,0.55,0.24,0.0,0.03,0.0,0.0,0.01,0.0,0.07,noc,P06,P06-OR_202311N_NJ.json,0.1,1.0
129267,Červený vrch,32.64,550,526,0.91,0.83,0.76,0.57,0.05,0.04,0.03,0.02,0.07,0.17,0.51,0.0,0.02,0.0,0.0,0.0,0.0,0.17,noc,P06,P06-OR_202311N_NJ.json,0.09,0.96
130109,Starý Bubeneč,5.35,836,683,0.84,0.64,0.58,0.21,0.16,0.03,0.03,0.06,0.1,0.36,0.32,0.01,0.03,0.01,0.0,0.01,0.0,0.06,noc,P06,P06-OR_202311N_NJ.json,0.17,0.97
130176,Císařský ostrov II,0.14,147,143,0.67,0.1,0.0,0.0,0.0,0.01,0.01,0.04,0.03,0.9,0.01,0.0,0.0,0.0,0.0,0.0,0.0,0.0,den,P07,P07-OR_202311D_NJ.json,0.07,0.98
130125,Bubny,85.77,1541,1451,0.92,0.97,0.79,0.62,0.15,0.07,0.0,0.02,0.07,0.03,0.64,0.0,0.03,0.0,0.0,0.01,0.0,0.17,den,P07,P07-OR_202311D_NJ.json,0.09,0.97
130133,Veletržní palác,48.24,963,908,0.91,1.07,0.77,0.62,0.21,0.07,0.0,0.04,0.1,0.0,0.71,0.0,0.03,0.0,0.0,0.01,0.0,0.15,den,P07,P07-OR_202311D_NJ.json,0.14,1.04
130141,U Sparty,64.09,1105,1076,0.92,0.98,0.78,0.62,0.15,0.07,0.01,0.03,0.08,0.02,0.67,0.01,0.04,0.0,0.0,0.01,0.0,0.13,den,P07,P07-OR_202311D_NJ.json,0.11,0.99
130168,Královská obora,0.29,119,119,0.9,0.86,0.76,0.39,0.26,0.05,0.02,0.04,0.09,0.14,0.61,0.01,0.03,0.0,0.0,0.02,0.0,0.07,den,P07,P07-OR_202311D_NJ.json,0.13,1.01
130231,Holešovice-elektrárna,0.07,30,30,0.8,0.33,0.68,0.22,0.0,0.0,0.0,0.02,0.06,0.67,0.22,0.0,0.0,0.0,0.0,0.0,0.0,0.0,den,P07,P07-OR_202311D_NJ.json,0.08,0.97
130257,Ortenovo náměstí,45.72,799,767,0.92,0.8,0.79,0.56,0.07,0.06,0.0,0.03,0.06,0.2,0.56,0.0,0.03,0.01,0.0,0.01,0.0,0.1,den,P07,P07-OR_202311D_NJ.json,0.1,1.01
130273,Na Maninách,53.9,725,706,0.91,0.85,0.76,0.52,0.13,0.05,0.01,0.03,0.08,0.15,0.57,0.0,0.03,0.0,0.0,0.01,0.0,0.11,den,P07,P07-OR_202311D_NJ.json,0.11,0.98
130281,Holešovický přístav,7.26,846,819,0.81,0.64,0.54,0.25,0.09,0.05,0.01,0.11,0.12,0.36,0.31,0.0,0.03,0.01,0.0,0.01,0.0,0.05,den,P07,P07-OR_202311D_NJ.json,0.24,1.01
130290,Bubenské nábřeží,0.88,175,172,0.82,0.62,0.44,0.12,0.15,0.08,0.01,0.12,0.11,0.38,0.32,0.0,0.02,0.0,0.0,0.01,0.0,0.02,den,P07,P07-OR_202311D_NJ.json,0.23,0.98
130311,Nad letenským tunelem,54.75,1153,1079,0.88,0.95,0.71,0.48,0.19,0.07,0.01,0.06,0.11,0.05,0.57,0.0,0.04,0.0,0.0,0.01,0.0,0.15,den,P07,P07-OR_202311D_NJ.json,0.17,0.99
130320,Letenské sady,0.0,212,204,0.92,0.98,0.7,0.42,0.26,0.12,0.01,0.06,0.08,0.02,0.65,0.0,0.05,0.0,0.0,0.01,0.0,0.1,den,P07,P07-OR_202311D_NJ.json,0.14,0.97
305961,Letná,1.67,5,0,0.09,,0.0,0.0,0.0,0.0,0.0,0.0,0.0,0.0,0.0,0.0,0.0,0.0,0.0,0.0,0.0,0.0,den,P07,P07-OR_202311D_NJ.json,0.0,0.0
130265,Dělnická,52.74,1445,1406,0.89,0.9,0.73,0.52,0.14,0.07,0.0,0.04,0.1,0.1,0.57,0.0,0.04,0.01,0.0,0.02,0.0,0.12,den,P07,P07-OR_202311D_NJ.json,0.15,1.01
130249,Staré Holešovice,6.07,317,273,0.76,0.43,0.25,0.08,0.03,0.13,0.0,0.06,0.1,0.57,0.19,0.0,0.01,0.0,0.0,0.01,0.0,0.03,den,P07,P07-OR_202311D_NJ.json,0.16,0.97
130176,Císařský ostrov II,0.14,147,143,0.78,0.02,0.0,0.0,0.0,0.01,0.0,0.0,0.0,0.98,0.01,0.0,0.0,0.0,0.0,0.0,0.0,0.0,noc,P07,P07-OR_202311N_NJ.json,0.0,0.99
130125,Bubny,85.77,1444,1372,0.95,0.98,0.84,0.66,0.16,0.07,0.0,0.01,0.05,0.02,0.69,0.0,0.02,0.0,0.0,0.01,0.0,0.17,noc,P07,P07-OR_202311N_NJ.json,0.06,0.97
130133,Veletržní palác,48.24,903,851,0.94,1.05,0.82,0.65,0.21,0.06,0.0,0.02,0.07,0.0,0.75,0.0,0.02,0.0,0.0,0.01,0.0,0.15,noc,P07,P07-OR_202311N_NJ.json,0.09,1.02
130141,U Sparty,64.09,1105,1076,0.93,1.0,0.82,0.65,0.17,0.06,0.01,0.01,0.07,0.0,0.72,0.01,0.04,0.0,0.0,0.01,0.0,0.13,noc,P07,P07-OR_202311N_NJ.json,0.08,0.99
130168,Královská obora,0.29,103,103,0.94,0.96,0.82,0.46,0.32,0.06,0.02,0.03,0.05,0.04,0.72,0.01,0.03,0.0,0.0,0.02,0.0,0.1,noc,P07,P07-OR_202311N_NJ.json,0.08,1.0
130231,Holešovice-elektrárna,0.07,30,30,0.88,0.41,0.84,0.34,0.0,0.0,0.0,0.0,0.05,0.59,0.34,0.0,0.0,0.0,0.0,0.0,0.0,0.0,noc,P07,P07-OR_202311N_NJ.json,0.05,0.98
130257,Ortenovo náměstí,45.72,782,751,0.95,0.88,0.84,0.66,0.08,0.06,0.0,0.01,0.05,0.12,0.66,0.0,0.03,0.01,0.0,0.01,0.0,0.1,noc,P07,P07-OR_202311N_NJ.json,0.07,1.0
130273,Na Maninách,53.9,725,706,0.95,0.85,0.84,0.58,0.13,0.04,0.01,0.01,0.05,0.15,0.63,0.01,0.02,0.0,0.0,0.01,0.0,0.11,noc,P07,P07-OR_202311N_NJ.json,0.06,0.99
130281,Holešovický přístav,7.26,748,729,0.92,0.55,0.73,0.31,0.09,0.05,0.0,0.04,0.04,0.45,0.37,0.0,0.03,0.0,0.0,0.01,0.0,0.05,noc,P07,P07-OR_202311N_NJ.json,0.08,0.99
130290,Bubenské nábřeží,0.88,155,155,0.88,0.58,0.63,0.17,0.2,0.07,0.01,0.05,0.07,0.42,0.41,0.0,0.01,0.0,0.0,0.0,0.0,0.02,noc,P07,P07-OR_202311N_NJ.json,0.12,0.98
130311,Nad letenským tunelem,54.75,943,884,0.94,1.02,0.81,0.58,0.25,0.07,0.01,0.01,0.07,0.0,0.71,0.0,0.03,0.0,0.0,0.01,0.0,0.17,noc,P07,P07-OR_202311N_NJ.json,0.08,1.0
130320,Letenské sady,0.0,212,204,0.95,0.97,0.77,0.44,0.31,0.13,0.01,0.01,0.05,0.03,0.73,0.0,0.04,0.0,0.0,0.01,0.0,0.11,noc,P07,P07-OR_202311N_NJ.json,0.06,0.98
305961,Letná,1.67,5,0,0.17,,0.0,0.0,0.0,0.0,0.0,0.0,0.0,0.0,0.0,0.0,0.0,0.0,0.0,0.0,0.0,0.0,noc,P07,P07-OR_202311N_NJ.json,0.0,0.0
130265,Dělnická,52.74,1422,1383,0.93,0.88,0.8,0.57,0.13,0.07,0.0,0.02,0.06,0.12,0.62,0.0,0.03,0.01,0.0,0.01,0.0,0.11,noc,P07,P07-OR_202311N_NJ.json,0.09,0.99
130249,Staré Holešovice,6.07,241,199,0.8,0.33,0.33,0.09,0.01,0.1,0.0,0.02,0.07,0.67,0.17,0.0,0.01,0.0,0.0,0.0,0.0,0.03,noc,P07,P07-OR_202311N_NJ.json,0.09,0.97
130630,Kobylisy-u hvězdárny,3.9,47,47,0.67,0.56,0.59,0.31,0.03,0.01,0.01,0.01,0.19,0.44,0.21,0.02,0.01,0.0,0.0,0.01,0.0,0.12,den,P08,P08-OR_202311D_NJ.json,0.2,1.01
130648,Ďáblice-u hřbitova,6.75,184,183,0.83,0.5,0.64,0.31,0.02,0.03,0.03,0.01,0.08,0.5,0.32,0.0,0.02,0.0,0.0,0.0,0.0,0.04,den,P08,P08-OR_202311D_NJ.json,0.09,0.97
130656,Slovanka,26.45,538,522,0.85,0.51,0.74,0.35,0.02,0.03,0.01,0.01,0.08,0.49,0.29,0.01,0.01,0.0,0.0,0.0,0.0,0.1,den,P08,P08-OR_202311D_NJ.json,0.09,0.99
130672,Nad Mazankou,18.44,359,351,0.89,0.55,0.74,0.38,0.02,0.04,0.01,0.02,0.06,0.45,0.33,0.01,0.01,0.0,0.0,0.0,0.0,0.11,den,P08,P08-OR_202311D_NJ.json,0.08,0.99
130699,Dolní Kobylisy,28.43,665,647,0.78,0.65,0.47,0.27,0.03,0.08,0.06,0.07,0.14,0.35,0.33,0.0,0.03,0.0,0.0,0.01,0.0,0.07,den,P08,P08-OR_202311D_NJ.json,0.21,1.0
130869,Starý Střížkov,6.69,225,216,0.78,0.65,0.67,0.41,0.03,0.03,0.01,0.01,0.14,0.35,0.34,0.0,0.01,0.0,0.0,0.0,0.0,0.12,den,P08,P08-OR_202311D_NJ.json,0.15,0.97
130893,Horní Libeň-Na Báni,31.07,140,134,0.76,0.47,0.59,0.24,0.03,0.02,0.02,0.04,0.11,0.53,0.27,0.0,0.01,0.0,0.0,0.01,0.0,0.03,den,P08,P08-OR_202311D_NJ.json,0.15,1.0
130907,Stará Libeň,39.46,1002,952,0.86,0.84,0.68,0.51,0.06,0.02,0.04,0.05,0.12,0.16,0.51,0.01,0.03,0.0,0.0,0.01,0.0,0.08,den,P08,P08-OR_202311D_NJ.json,0.17,0.97
130702,Nad Rokoskou,28.08,250,248,0.77,0.56,0.62,0.34,0.01,0.02,0.03,0.02,0.13,0.44,0.28,0.01,0.01,0.01,0.0,0.01,0.0,0.1,den,P08,P08-OR_202311D_NJ.json,0.16,1.02
130711,Kuchyňka,10.77,132,132,0.82,0.57,0.71,0.39,0.02,0.01,0.02,0.01,0.1,0.43,0.3,0.0,0.02,0.0,0.0,0.0,0.0,0.11,den,P08,P08-OR_202311D_NJ.json,0.11,0.97
130729,Na Dlážděnce,4.59,59,59,0.75,0.29,0.62,0.17,0.01,0.01,0.01,0.01,0.07,0.71,0.08,0.0,0.01,0.0,0.0,0.0,0.0,0.1,den,P08,P08-OR_202311D_NJ.json,0.08,0.98
130737,Šutka,19.97,386,380,0.86,0.63,0.72,0.43,0.02,0.04,0.02,0.01,0.09,0.37,0.37,0.01,0.02,0.0,0.0,0.0,0.0,0.12,den,P08,P08-OR_202311D_NJ.json,0.1,0.99
130842,Ďáblický hřbitov,0.06,9,9,0.44,0.17,0.0,0.0,0.0,0.01,0.03,0.03,0.09,0.83,0.02,0.0,0.0,0.0,0.0,0.0,0.0,0.02,den,P08,P08-OR_202311D_NJ.json,0.12,0.99
130915,Na Palmovce,35.54,630,594,0.79,0.89,0.66,0.55,0.04,0.02,0.03,0.04,0.19,0.11,0.52,0.0,0.03,0.0,0.0,0.01,0.0,0.07,den,P08,P08-OR_202311D_NJ.json,0.23,0.97
130940,Za Invalidovnou,22.34,567,540,0.84,0.63,0.67,0.39,0.03,0.03,0.02,0.04,0.1,0.37,0.36,0.0,0.02,0.0,0.0,0.01,0.0,0.08,den,P08,P08-OR_202311D_NJ.json,0.14,0.98
130958,Karlín-východ,45.01,1376,1294,0.83,0.85,0.62,0.47,0.06,0.03,0.03,0.08,0.15,0.15,0.47,0.01,0.04,0.0,0.0,0.02,0.0,0.07,den,P08,P08-OR_202311D_NJ.json,0.23,0.99
130966,Karlín-západ,42.3,1515,1403,0.75,0.83,0.48,0.34,0.06,0.03,0.05,0.1,0.21,0.17,0.36,0.0,0.06,0.01,0.0,0.02,0.0,0.04,den,P08,P08-OR_202311D_NJ.json,0.32,0.98
130974,Autobusové nádraží Florenc,0.0,11,9,0.1,0.1,0.0,0.0,0.0,0.01,0.0,0.0,0.09,0.9,0.01,0.0,0.0,0.0,0.0,0.0,0.0,0.0,den,P08,P08-OR_202311D_NJ.json,0.09,1.0
130982,Rohanský ostrov,2.6,105,95,0.62,0.89,0.27,0.19,0.05,0.03,0.12,0.13,0.34,0.11,0.28,0.0,0.06,0.0,0.0,0.04,0.0,0.04,den,P08,P08-OR_202311D_NJ.json,0.47,1.0
130991,Karlín-sever,0.0,157,150,0.78,0.82,0.47,0.33,0.06,0.02,0.04,0.15,0.18,0.18,0.33,0.0,0.08,0.0,0.0,0.03,0.0,0.03,den,P08,P08-OR_202311D_NJ.json,0.33,0.98
131008,U libeňského zámku,0.93,56,53,0.8,0.61,0.42,0.13,0.12,0.05,0.08,0.1,0.12,0.39,0.3,0.01,0.01,0.0,0.0,0.01,0.0,0.05,den,P08,P08-OR_202311D_NJ.json,0.22,0.99
130443,Za střelnicí,55.24,1287,1223,0.88,0.78,0.71,0.51,0.05,0.06,0.02,0.03,0.09,0.22,0.41,0.01,0.01,0.0,0.0,0.01,0.0,0.21,den,P08,P08-OR_202311D_NJ.json,0.12,0.99
130478,Horní Kobylisy,21.64,1161,1139,0.85,0.54,0.57,0.27,0.04,0.06,0.03,0.03,0.08,0.46,0.3,0.01,0.02,0.0,0.0,0.01,0.0,0.07,den,P08,P08-OR_202311D_NJ.json,0.11,0.98
130516,Pod Čimickým hájem,20.76,550,508,0.81,0.6,0.67,0.34,0.06,0.03,0.02,0.01,0.12,0.4,0.35,0.0,0.0,0.0,0.0,0.0,0.0,0.1,den,P08,P08-OR_202311D_NJ.json,0.13,0.98
130362,U Čimického háje,0.0,14,14,0.94,0.75,0.85,0.61,0.02,0.06,0.0,0.0,0.05,0.25,0.61,0.0,0.0,0.0,0.0,0.0,0.0,0.1,den,P08,P08-OR_202311D_NJ.json,0.05,1.01
306363,Nové Ďáblice,31.5,666,619,0.89,0.84,0.79,0.64,0.02,0.03,0.01,0.01,0.09,0.16,0.45,0.0,0.01,0.0,0.0,0.0,0.0,0.24,den,P08,P08-OR_202311D_NJ.json,0.1,0.96
306371,Ďáblice-východ,44.66,933,896,0.91,0.9,0.8,0.63,0.09,0.04,0.03,0.02,0.08,0.1,0.53,0.0,0.02,0.0,0.0,0.0,0.0,0.23,den,P08,P08-OR_202311D_NJ.json,0.1,0.98
306380,Pod Ládvím,25.29,785,756,0.91,0.61,0.8,0.43,0.06,0.03,0.02,0.01,0.05,0.39,0.38,0.01,0.01,0.0,0.0,0.0,0.0,0.14,den,P08,P08-OR_202311D_NJ.json,0.06,0.99
305987,U Dolních Kobylis,0.01,3,3,0.0,0.11,0.0,0.0,0.0,0.0,0.0,0.0,0.11,0.89,0.0,0.0,0.0,0.0,0.0,0.0,0.0,0.0,den,P08,P08-OR_202311D_NJ.json,0.11,1.0
130508,Pod kobyliskou vozovnou,51.64,1080,1031,0.88,0.75,0.74,0.5,0.05,0.04,0.02,0.02,0.09,0.25,0.44,0.01,0.01,0.0,0.0,0.01,0.0,0.15,den,P08,P08-OR_202311D_NJ.json,0.11,0.98
130851,Střížkov-sever,26.49,588,579,0.93,0.59,0.81,0.45,0.03,0.02,0.02,0.0,0.04,0.41,0.34,0.01,0.0,0.0,0.0,0.0,0.0,0.17,den,P08,P08-OR_202311D_NJ.json,0.04,0.97
316989,Švábky-západ,0.0,60,54,0.74,0.88,0.33,0.21,0.08,0.05,0.11,0.19,0.23,0.12,0.35,0.01,0.04,0.0,0.0,0.08,0.0,0.04,den,P08,P08-OR_202311D_NJ.json,0.42,1.06
316997,Švábky-východ,1.59,95,93,0.71,0.45,0.43,0.15,0.05,0.03,0.03,0.06,0.13,0.55,0.18,0.0,0.02,0.03,0.0,0.01,0.0,0.02,den,P08,P08-OR_202311D_NJ.json,0.22,1.03
130869,Starý Střížkov,6.69,225,216,0.81,0.76,0.72,0.51,0.04,0.01,0.01,0.0,0.15,0.24,0.42,0.0,0.01,0.0,0.0,0.0,0.0,0.14,noc,P08,P08-OR_202311N_NJ.json,0.15,0.96
130958,Karlín-východ,45.01,719,661,0.83,0.85,0.66,0.47,0.09,0.03,0.02,0.08,0.14,0.15,0.52,0.01,0.02,0.0,0.0,0.02,0.0,0.06,noc,P08,P08-OR_202311N_NJ.json,0.22,1.0
130966,Karlín-západ,42.3,636,575,0.68,0.74,0.45,0.29,0.04,0.01,0.03,0.11,0.24,0.26,0.3,0.0,0.02,0.01,0.0,0.02,0.0,0.04,noc,P08,P08-OR_202311N_NJ.json,0.36,1.01
131261,Vysočany-jih,30.36,287,269,0.68,0.72,0.5,0.32,0.04,0.03,0.02,0.04,0.23,0.28,0.34,0.01,0.04,0.01,0.0,0.01,0.0,0.02,den,P09,P09-OR_202311D_NJ.json,0.28,0.99
131270,Na Harfě,5.39,39,39,0.58,0.71,0.53,0.36,0.01,0.01,0.0,0.03,0.3,0.29,0.27,0.0,0.04,0.0,0.0,0.01,0.0,0.07,den,P09,P09-OR_202311D_NJ.json,0.33,1.01
131105,Pod Klíčovem,2.23,50,50,0.18,0.09,0.0,0.0,0.0,0.01,0.0,0.0,0.08,0.91,0.0,0.0,0.01,0.0,0.0,0.0,0.0,0.0,den,P09,P09-OR_202311D_NJ.json,0.08,1.0
131377,Nový Střížkov,16.92,473,468,0.91,0.61,0.81,0.46,0.02,0.03,0.01,0.01,0.05,0.39,0.35,0.01,0.01,0.0,0.0,0.01,0.01,0.15,den,P09,P09-OR_202311D_NJ.json,0.06,0.99
131288,Staré Vysočany,59.25,1592,1523,0.85,0.67,0.71,0.44,0.04,0.03,0.0,0.04,0.1,0.33,0.42,0.0,0.03,0.0,0.0,0.01,0.0,0.06,den,P09,P09-OR_202311D_NJ.json,0.14,0.99
131296,Nad libeňským nádražím,7.87,88,87,0.78,0.54,0.65,0.34,0.02,0.01,0.01,0.03,0.12,0.46,0.24,0.01,0.01,0.0,0.0,0.0,0.0,0.1,den,P09,P09-OR_202311D_NJ.json,0.15,0.97
131113,Krocínka,10.01,731,730,0.83,0.39,0.72,0.26,0.02,0.02,0.0,0.01,0.07,0.61,0.23,0.0,0.01,0.0,0.0,0.0,0.0,0.06,den,P09,P09-OR_202311D_NJ.json,0.08,0.99
131121,Nad Krocínkou,19.6,359,352,0.9,0.51,0.79,0.37,0.03,0.03,0.0,0.01,0.05,0.49,0.31,0.0,0.01,0.0,0.0,0.01,0.0,0.11,den,P09,P09-OR_202311D_NJ.json,0.06,0.99
131024,Klíčov,0.24,31,31,0.72,0.25,0.6,0.15,0.0,0.0,0.03,0.0,0.07,0.75,0.09,0.0,0.06,0.0,0.0,0.0,0.0,0.02,den,P09,P09-OR_202311D_NJ.json,0.07,0.99
131318,Pod Harfou,1.34,89,88,0.72,0.34,0.46,0.14,0.01,0.02,0.0,0.06,0.09,0.66,0.14,0.01,0.01,0.0,0.0,0.01,0.0,0.01,den,P09,P09-OR_202311D_NJ.json,0.15,0.99
131334,U svobodárny,33.84,964,913,0.82,0.86,0.66,0.52,0.04,0.04,0.01,0.07,0.15,0.14,0.48,0.01,0.04,0.01,0.0,0.01,0.01,0.07,den,P09,P09-OR_202311D_NJ.json,0.23,1.0
131342,Na Balabence,37.98,733,702,0.91,0.79,0.81,0.58,0.06,0.02,0.01,0.03,0.07,0.21,0.53,0.0,0.02,0.0,0.0,0.0,0.0,0.11,den,P09,P09-OR_202311D_NJ.json,0.1,0.97
131385,Starý Prosek,60.36,1075,1021,0.88,0.79,0.74,0.51,0.07,0.05,0.0,0.02,0.09,0.21,0.45,0.01,0.01,0.0,0.0,0.01,0.01,0.15,den,P09,P09-OR_202311D_NJ.json,0.11,0.96
131393,Střížkov-východ,35.41,611,598,0.92,0.72,0.8,0.51,0.07,0.03,0.02,0.02,0.06,0.28,0.47,0.01,0.0,0.0,0.0,0.0,0.0,0.14,den,P09,P09-OR_202311D_NJ.json,0.08,0.98
131407,Střížkov-Lovosická,57.48,1116,1079,0.87,0.75,0.75,0.48,0.07,0.04,0.0,0.01,0.1,0.25,0.43,0.01,0.01,0.0,0.0,0.01,0.0,0.15,den,P09,P09-OR_202311D_NJ.json,0.11,0.97
131351,Podvinní,7.38,120,119,0.81,0.41,0.58,0.22,0.01,0.03,0.0,0.01,0.08,0.59,0.24,0.0,0.01,0.0,0.0,0.01,0.01,0.01,den,P09,P09-OR_202311D_NJ.json,0.09,0.96
131148,Nový Prosek,79.45,1454,1380,0.9,0.78,0.8,0.57,0.06,0.03,0.01,0.01,0.07,0.22,0.45,0.01,0.02,0.0,0.0,0.0,0.01,0.17,den,P09,P09-OR_202311D_NJ.json,0.08,0.96
198056,U Nového Střížkova,1.21,78,78,0.65,0.55,0.54,0.29,0.01,0.06,0.0,0.0,0.19,0.45,0.27,0.0,0.02,0.0,0.0,0.0,0.02,0.04,den,P09,P09-OR_202311D_NJ.json,0.19,0.99
131326,Nové Vysočany,21.45,407,392,0.77,0.57,0.65,0.34,0.03,0.01,0.02,0.02,0.13,0.43,0.32,0.0,0.01,0.0,0.0,0.01,0.0,0.07,den,P09,P09-OR_202311D_NJ.json,0.15,0.99
317021,U Harfy,3.91,168,159,0.73,0.63,0.46,0.29,0.01,0.03,0.02,0.09,0.17,0.37,0.26,0.0,0.02,0.0,0.0,0.02,0.0,0.05,den,P09,P09-OR_202311D_NJ.json,0.26,0.98
317110,Pod Prosekem,0.01,290,276,0.79,0.47,0.53,0.22,0.03,0.07,0.0,0.02,0.1,0.53,0.24,0.0,0.02,0.0,0.0,0.01,0.03,0.02,den,P09,P09-OR_202311D_NJ.json,0.12,0.97
131300,Libeň-průmyslový obvod,1.92,149,127,0.68,0.68,0.32,0.19,0.02,0.04,0.01,0.14,0.22,0.32,0.2,0.01,0.02,0.0,0.0,0.02,0.0,0.03,den,P09,P09-OR_202311D_NJ.json,0.36,0.96
131261,Vysočany-jih,30.36,287,269,0.73,0.7,0.59,0.37,0.05,0.02,0.01,0.03,0.19,0.3,0.4,0.01,0.01,0.01,0.0,0.01,0.0,0.02,noc,P09,P09-OR_202311N_NJ.json,0.23,0.99
131270,Na Harfě,5.39,39,39,0.67,0.75,0.61,0.44,0.02,0.02,0.0,0.02,0.25,0.25,0.38,0.0,0.02,0.0,0.0,0.01,0.0,0.07,noc,P09,P09-OR_202311N_NJ.json,0.27,1.0
131105,Pod Klíčovem,2.23,50,50,0.0,0.02,0.0,0.0,0.0,0.0,0.0,0.0,0.02,0.98,0.0,0.0,0.0,0.0,0.0,0.0,0.0,0.0,noc,P09,P09-OR_202311N_NJ.json,0.02,1.0
131377,Nový Střížkov,16.92,473,468,0.91,0.7,0.83,0.56,0.02,0.02,0.01,0.01,0.06,0.3,0.44,0.01,0.01,0.0,0.0,0.01,0.0,0.15,noc,P09,P09-OR_202311N_NJ.json,0.07,0.99
131288,Staré Vysočany,59.25,1592,1523,0.89,0.7,0.81,0.53,0.04,0.02,0.0,0.01,0.08,0.3,0.5,0.0,0.02,0.0,0.0,0.01,0.0,0.07,noc,P09,P09-OR_202311N_NJ.json,0.09,0.99
131296,Nad libeňským nádražím,7.87,88,87,0.83,0.53,0.75,0.38,0.02,0.0,0.0,0.02,0.09,0.47,0.28,0.02,0.01,0.0,0.0,0.0,0.0,0.09,noc,P09,P09-OR_202311N_NJ.json,0.11,0.98
131113,Krocínka,10.01,731,730,0.89,0.4,0.82,0.31,0.01,0.02,0.0,0.0,0.05,0.6,0.27,0.0,0.02,0.0,0.0,0.0,0.0,0.05,noc,P09,P09-OR_202311N_NJ.json,0.05,0.99
131121,Nad Krocínkou,19.6,359,352,0.89,0.58,0.78,0.42,0.03,0.03,0.0,0.01,0.06,0.42,0.37,0.0,0.01,0.0,0.0,0.01,0.0,0.1,noc,P09,P09-OR_202311N_NJ.json,0.07,0.98
131024,Klíčov,0.24,31,31,0.86,0.17,0.86,0.15,0.0,0.0,0.0,0.0,0.02,0.83,0.08,0.0,0.03,0.0,0.0,0.0,0.0,0.03,noc,P09,P09-OR_202311N_NJ.json,0.02,0.99
131318,Pod Harfou,1.34,89,88,0.7,0.4,0.41,0.15,0.01,0.02,0.0,0.09,0.12,0.6,0.14,0.01,0.01,0.0,0.0,0.01,0.0,0.01,noc,P09,P09-OR_202311N_NJ.json,0.21,0.99
131334,U svobodárny,33.84,964,913,0.85,0.89,0.74,0.61,0.05,0.02,0.0,0.05,0.13,0.11,0.56,0.01,0.03,0.01,0.0,0.01,0.01,0.07,noc,P09,P09-OR_202311N_NJ.json,0.19,1.0
131342,Na Balabence,37.98,733,702,0.93,0.86,0.85,0.66,0.07,0.02,0.0,0.01,0.06,0.14,0.62,0.0,0.02,0.0,0.0,0.0,0.0,0.11,noc,P09,P09-OR_202311N_NJ.json,0.07,0.96
131385,Starý Prosek,60.36,1075,1021,0.9,0.91,0.8,0.63,0.1,0.04,0.0,0.01,0.09,0.09,0.59,0.0,0.01,0.0,0.0,0.0,0.0,0.16,noc,P09,P09-OR_202311N_NJ.json,0.1,0.95
131393,Střížkov-východ,35.41,611,598,0.91,0.9,0.84,0.66,0.09,0.03,0.01,0.01,0.08,0.1,0.61,0.01,0.01,0.0,0.0,0.01,0.0,0.15,noc,P09,P09-OR_202311N_NJ.json,0.09,0.98
131407,Střížkov-Lovosická,57.48,1116,1079,0.89,0.91,0.81,0.64,0.09,0.03,0.0,0.01,0.1,0.09,0.58,0.01,0.02,0.0,0.0,0.01,0.0,0.16,noc,P09,P09-OR_202311N_NJ.json,0.11,0.98
131351,Podvinní,7.38,120,119,0.81,0.49,0.69,0.32,0.01,0.03,0.0,0.01,0.09,0.51,0.32,0.0,0.02,0.0,0.0,0.01,0.01,0.01,noc,P09,P09-OR_202311N_NJ.json,0.1,0.98
131148,Nový Prosek,79.45,1454,1380,0.92,0.9,0.84,0.68,0.08,0.03,0.01,0.0,0.08,0.1,0.59,0.01,0.02,0.0,0.0,0.0,0.0,0.17,noc,P09,P09-OR_202311N_NJ.json,0.08,0.97
198056,U Nového Střížkova,1.21,78,78,0.73,0.62,0.62,0.39,0.0,0.06,0.0,0.0,0.17,0.38,0.37,0.0,0.01,0.0,0.0,0.0,0.03,0.05,noc,P09,P09-OR_202311N_NJ.json,0.17,1.01
131326,Nové Vysočany,21.45,407,392,0.8,0.65,0.7,0.43,0.03,0.01,0.01,0.02,0.13,0.35,0.4,0.0,0.01,0.0,0.0,0.01,0.0,0.07,noc,P09,P09-OR_202311N_NJ.json,0.15,0.99
317021,U Harfy,3.91,168,159,0.77,0.58,0.56,0.32,0.01,0.02,0.01,0.07,0.13,0.42,0.29,0.01,0.02,0.0,0.0,0.02,0.0,0.05,noc,P09,P09-OR_202311N_NJ.json,0.2,1.01
317110,Pod Prosekem,0.01,290,276,0.88,0.43,0.7,0.25,0.05,0.03,0.0,0.02,0.05,0.57,0.26,0.01,0.03,0.0,0.0,0.01,0.01,0.02,noc,P09,P09-OR_202311N_NJ.json,0.07,0.98
131300,Libeň-průmyslový obvod,1.92,149,127,0.77,0.59,0.44,0.24,0.02,0.03,0.0,0.12,0.14,0.41,0.22,0.01,0.03,0.0,0.0,0.02,0.01,0.03,noc,P09,P09-OR_202311N_NJ.json,0.26,0.99
132268,Vršovice-západ,24.79,456,437,0.81,0.97,0.61,0.52,0.06,0.08,0.06,0.04,0.18,0.03,0.56,0.01,0.07,0.0,0.0,0.01,0.0,0.08,den,P10,P10-OR_202311D_NJ.json,0.22,0.98
132292,Vršovice-východ,44.64,806,784,0.9,0.91,0.74,0.51,0.16,0.05,0.03,0.05,0.09,0.09,0.56,0.01,0.03,0.0,0.0,0.01,0.0,0.14,den,P10,P10-OR_202311D_NJ.json,0.14,0.98
132314,U Orionky,16.12,257,247,0.83,0.95,0.57,0.45,0.09,0.08,0.09,0.05,0.16,0.05,0.55,0.01,0.05,0.0,0.0,0.02,0.0,0.09,den,P10,P10-OR_202311D_NJ.json,0.21,0.98
132365,Strašnice-západ,44.24,1001,974,0.86,0.74,0.7,0.47,0.05,0.06,0.02,0.02,0.11,0.26,0.45,0.01,0.04,0.0,0.0,0.01,0.0,0.1,den,P10,P10-OR_202311D_NJ.json,0.13,1.0
132373,U Primasky,38.05,1126,1089,0.86,0.88,0.67,0.52,0.07,0.08,0.03,0.04,0.13,0.12,0.52,0.01,0.05,0.0,0.0,0.01,0.0,0.11,den,P10,P10-OR_202311D_NJ.json,0.17,0.99
132381,Nad Olšinami,9.23,237,236,0.86,0.74,0.73,0.5,0.04,0.06,0.01,0.02,0.1,0.26,0.46,0.01,0.03,0.0,0.0,0.0,0.0,0.11,den,P10,P10-OR_202311D_NJ.json,0.12,0.99
131873,Zahradní Město-východ,46.11,802,791,0.89,0.83,0.81,0.63,0.04,0.02,0.03,0.01,0.09,0.17,0.49,0.01,0.01,0.0,0.0,0.0,0.0,0.2,den,P10,P10-OR_202311D_NJ.json,0.1,0.98
131911,Seřaďovací nádraží,0.52,13,13,0.49,0.08,0.0,0.0,0.0,0.03,0.0,0.01,0.04,0.92,0.03,0.0,0.0,0.0,0.0,0.0,0.0,0.0,den,P10,P10-OR_202311D_NJ.json,0.05,1.0
131920,Průběžná,46.05,971,953,0.86,0.7,0.73,0.48,0.03,0.05,0.01,0.02,0.1,0.3,0.42,0.0,0.02,0.0,0.0,0.01,0.0,0.12,den,P10,P10-OR_202311D_NJ.json,0.12,0.99
131938,Rybníčky III,29.09,647,634,0.89,0.71,0.75,0.49,0.04,0.05,0.02,0.01,0.08,0.29,0.42,0.01,0.02,0.0,0.0,0.0,0.0,0.14,den,P10,P10-OR_202311D_NJ.json,0.09,0.97
131946,Rybníčky I-II,30.3,859,841,0.86,0.64,0.74,0.43,0.05,0.04,0.02,0.01,0.09,0.36,0.41,0.01,0.01,0.0,0.0,0.0,0.0,0.1,den,P10,P10-OR_202311D_NJ.json,0.1,0.99
131954,Solidarita,42.19,1042,1020,0.92,0.75,0.81,0.55,0.06,0.04,0.02,0.02,0.06,0.25,0.47,0.01,0.03,0.0,0.0,0.01,0.0,0.14,den,P10,P10-OR_202311D_NJ.json,0.08,0.99
131971,Nové Strašnice,10.77,214,209,0.8,0.59,0.59,0.33,0.02,0.06,0.02,0.03,0.12,0.41,0.32,0.01,0.03,0.0,0.0,0.01,0.0,0.07,den,P10,P10-OR_202311D_NJ.json,0.15,1.0
132179,Pod Bohdalcem,0.0,56,56,0.73,0.38,0.12,0.04,0.01,0.05,0.06,0.1,0.1,0.62,0.09,0.0,0.05,0.0,0.0,0.04,0.0,0.02,den,P10,P10-OR_202311D_NJ.json,0.2,1.02
132187,Bohdalec-sever,3.2,128,124,0.86,0.52,0.63,0.31,0.02,0.04,0.02,0.04,0.07,0.48,0.26,0.0,0.05,0.0,0.0,0.02,0.0,0.07,den,P10,P10-OR_202311D_NJ.json,0.11,0.99
132217,KOH-I-NOOR,0.04,214,209,0.86,0.81,0.64,0.35,0.16,0.09,0.04,0.04,0.11,0.19,0.5,0.02,0.06,0.0,0.0,0.0,0.0,0.07,den,P10,P10-OR_202311D_NJ.json,0.15,0.99
132233,Vršovické nádraží,0.0,186,170,0.76,0.64,0.45,0.25,0.04,0.07,0.07,0.04,0.15,0.36,0.33,0.0,0.02,0.0,0.0,0.01,0.0,0.06,den,P10,P10-OR_202311D_NJ.json,0.19,0.97
132241,Staré Vršovice,53.94,1192,1151,0.83,0.87,0.64,0.49,0.07,0.05,0.04,0.05,0.15,0.13,0.52,0.01,0.04,0.0,0.0,0.01,0.0,0.07,den,P10,P10-OR_202311D_NJ.json,0.2,0.98
132250,Vršovice-střed,35.72,878,829,0.86,0.96,0.73,0.57,0.13,0.03,0.03,0.04,0.13,0.04,0.58,0.02,0.05,0.0,0.0,0.01,0.0,0.1,den,P10,P10-OR_202311D_NJ.json,0.17,0.97
131890,Zahradní Město-střed,45.74,1387,1357,0.89,0.7,0.79,0.5,0.05,0.03,0.02,0.01,0.08,0.3,0.42,0.01,0.02,0.0,0.0,0.0,0.0,0.15,den,P10,P10-OR_202311D_NJ.json,0.09,0.99
131792,Strašnice-Na Skalce,43.99,1078,1044,0.85,0.7,0.72,0.48,0.02,0.04,0.02,0.01,0.1,0.3,0.39,0.01,0.02,0.01,0.0,0.0,0.0,0.13,den,P10,P10-OR_202311D_NJ.json,0.12,0.98
132098,Nové Zahradní Město,15.73,3,3,0.97,0.33,0.97,0.29,0.03,0.0,0.0,0.0,0.01,0.67,0.25,0.0,0.0,0.0,0.0,0.0,0.0,0.08,den,P10,P10-OR_202311D_NJ.json,0.01,1.01
132101,Záběhlice-východ,22.81,403,389,0.9,0.73,0.8,0.54,0.04,0.02,0.02,0.01,0.08,0.27,0.4,0.01,0.03,0.0,0.0,0.0,0.0,0.19,den,P10,P10-OR_202311D_NJ.json,0.09,0.99
131903,Zahradní Město-západ,32.46,794,756,0.83,0.76,0.68,0.47,0.04,0.04,0.02,0.04,0.13,0.24,0.42,0.01,0.01,0.0,0.0,0.0,0.0,0.13,den,P10,P10-OR_202311D_NJ.json,0.17,0.98
132152,Michle-východ,6.25,143,138,0.82,0.54,0.59,0.32,0.0,0.04,0.04,0.03,0.1,0.46,0.32,0.02,0.03,0.0,0.0,0.02,0.0,0.04,den,P10,P10-OR_202311D_NJ.json,0.13,1.02
132390,U Hagiboru,8.48,204,202,0.7,0.54,0.42,0.19,0.03,0.07,0.01,0.06,0.16,0.46,0.23,0.0,0.04,0.0,0.0,0.0,0.0,0.04,den,P10,P10-OR_202311D_NJ.json,0.22,0.99
132411,Třebešín,18.67,888,876,0.83,0.59,0.66,0.36,0.03,0.04,0.02,0.02,0.1,0.41,0.33,0.01,0.02,0.01,0.0,0.01,0.0,0.09,den,P10,P10-OR_202311D_NJ.json,0.13,1.01
132420,Květnická,14.32,305,296,0.91,0.75,0.79,0.55,0.04,0.03,0.02,0.02,0.07,0.25,0.48,0.01,0.02,0.0,0.0,0.0,0.0,0.13,den,P10,P10-OR_202311D_NJ.json,0.09,0.98
132438,Nové Malešice,69.78,1227,1168,0.86,0.8,0.72,0.53,0.04,0.04,0.03,0.02,0.11,0.2,0.5,0.01,0.02,0.0,0.0,0.0,0.0,0.13,den,P10,P10-OR_202311D_NJ.json,0.13,0.99
132322,Stadión Slavie,0.69,298,288,0.88,0.72,0.61,0.37,0.07,0.1,0.02,0.04,0.09,0.28,0.45,0.0,0.01,0.0,0.0,0.02,0.0,0.1,den,P10,P10-OR_202311D_NJ.json,0.13,0.99
132331,Nové Vršovice,54.64,993,950,0.88,0.84,0.75,0.59,0.04,0.05,0.02,0.01,0.1,0.16,0.52,0.01,0.03,0.0,0.0,0.0,0.0,0.14,den,P10,P10-OR_202311D_NJ.json,0.11,0.97
132349,Pod vinohradskou nemocnicí,24.24,414,401,0.86,0.81,0.67,0.49,0.05,0.06,0.03,0.04,0.12,0.19,0.49,0.01,0.05,0.0,0.0,0.01,0.0,0.09,den,P10,P10-OR_202311D_NJ.json,0.16,1.0
132357,Vinohradská nemocnice,0.09,194,186,0.85,0.75,0.26,0.12,0.07,0.12,0.07,0.16,0.11,0.25,0.31,0.01,0.01,0.0,0.0,0.02,0.0,0.05,den,P10,P10-OR_202311D_NJ.json,0.27,0.92
132128,Trnkov,1.15,133,133,0.84,0.42,0.68,0.25,0.03,0.05,0.01,0.0,0.07,0.58,0.25,0.0,0.01,0.0,0.0,0.0,0.0,0.08,den,P10,P10-OR_202311D_NJ.json,0.07,0.99
132136,Na Slatinách,0.2,55,55,0.68,0.43,0.06,0.02,0.0,0.02,0.03,0.07,0.14,0.57,0.07,0.0,0.01,0.0,0.0,0.05,0.0,0.0,den,P10,P10-OR_202311D_NJ.json,0.21,0.91
132446,U Nových Malešic,16.04,220,211,0.87,0.6,0.73,0.4,0.04,0.02,0.02,0.02,0.08,0.4,0.37,0.0,0.01,0.0,0.0,0.01,0.0,0.1,den,P10,P10-OR_202311D_NJ.json,0.1,0.99
306568,Eden,19.91,271,256,0.85,0.75,0.69,0.45,0.07,0.05,0.05,0.01,0.11,0.25,0.48,0.01,0.02,0.0,0.0,0.0,0.0,0.1,den,P10,P10-OR_202311D_NJ.json,0.12,0.98
131857,Záběhlice-průmyslový obvod,0.0,5,5,1.0,0.2,0.0,0.0,0.0,0.0,0.2,0.0,0.0,0.8,0.2,0.0,0.0,0.0,0.0,0.0,0.0,0.0,den,P10,P10-OR_202311D_NJ.json,0.0,1.0
132110,Záběhlice-západ,47.14,953,931,0.83,0.51,0.72,0.34,0.03,0.02,0.02,0.01,0.09,0.49,0.3,0.0,0.02,0.0,0.0,0.0,0.0,0.08,den,P10,P10-OR_202311D_NJ.json,0.1,0.99
132454,Staré Malešice,22.43,648,638,0.86,0.55,0.75,0.39,0.02,0.02,0.02,0.01,0.08,0.45,0.3,0.0,0.02,0.0,0.0,0.0,0.0,0.13,den,P10,P10-OR_202311D_NJ.json,0.09,0.99
318396,Záběhlice-průmyslový obvod-jih,0.0,85,85,0.79,0.05,0.41,0.0,0.02,0.0,0.02,0.0,0.01,0.95,0.04,0.0,0.0,0.0,0.0,0.0,0.0,0.0,den,P10,P10-OR_202311D_NJ.json,0.01,1.0
132195,Bohdalec-jih,15.78,345,344,0.85,0.59,0.73,0.41,0.01,0.04,0.01,0.02,0.09,0.41,0.36,0.0,0.02,0.0,0.0,0.01,0.0,0.08,den,P10,P10-OR_202311D_NJ.json,0.11,0.99
132284,Vršovice-sever,37.7,489,464,0.85,0.98,0.73,0.66,0.06,0.04,0.02,0.03,0.15,0.02,0.61,0.02,0.05,0.0,0.0,0.01,0.0,0.1,den,P10,P10-OR_202311D_NJ.json,0.18,0.99
131962,Zborov,22.64,527,513,0.87,0.7,0.72,0.38,0.12,0.05,0.03,0.02,0.09,0.3,0.45,0.01,0.01,0.0,0.0,0.0,0.0,0.11,den,P10,P10-OR_202311D_NJ.json,0.11,0.99
132161,Bohdalecké kolonie,1.6,156,125,0.58,0.64,0.25,0.16,0.01,0.06,0.02,0.02,0.27,0.36,0.19,0.0,0.0,0.0,0.0,0.01,0.0,0.05,den,P10,P10-OR_202311D_NJ.json,0.29,0.9
132225,Vršovice-u Botiče,43.8,1070,1030,0.8,0.75,0.62,0.41,0.05,0.04,0.04,0.03,0.15,0.25,0.43,0.01,0.03,0.0,0.0,0.0,0.0,0.08,den,P10,P10-OR_202311D_NJ.json,0.18,0.98
132276,Francouzská-Voroněžská,5.39,98,95,0.82,0.85,0.49,0.34,0.08,0.1,0.08,0.09,0.15,0.15,0.46,0.01,0.07,0.01,0.0,0.01,0.0,0.05,den,P10,P10-OR_202311D_NJ.json,0.25,1.01
132306,Hradešínská,11.03,873,850,0.83,0.81,0.65,0.4,0.13,0.07,0.04,0.02,0.14,0.19,0.51,0.01,0.04,0.0,0.0,0.01,0.0,0.08,den,P10,P10-OR_202311D_NJ.json,0.16,1.0
317454,U Zborova,6.08,83,79,0.82,0.76,0.7,0.47,0.06,0.03,0.03,0.02,0.14,0.24,0.5,0.0,0.0,0.0,0.0,0.0,0.0,0.09,den,P10,P10-OR_202311D_NJ.json,0.16,0.99
132268,Vršovice-západ,24.79,456,437,0.83,0.98,0.69,0.61,0.06,0.07,0.04,0.01,0.16,0.02,0.64,0.02,0.05,0.0,0.0,0.01,0.0,0.08,noc,P10,P10-OR_202311N_NJ.json,0.17,0.99
132292,Vršovice-východ,44.64,806,784,0.92,0.96,0.82,0.56,0.22,0.04,0.02,0.01,0.08,0.04,0.64,0.01,0.03,0.0,0.0,0.01,0.0,0.16,noc,P10,P10-OR_202311N_NJ.json,0.09,0.98
132314,U Orionky,16.12,257,247,0.84,0.99,0.64,0.53,0.1,0.09,0.07,0.03,0.15,0.01,0.62,0.01,0.05,0.0,0.0,0.02,0.0,0.11,noc,P10,P10-OR_202311N_NJ.json,0.18,1.0
132365,Strašnice-západ,44.24,983,956,0.88,0.82,0.77,0.58,0.06,0.05,0.01,0.01,0.1,0.18,0.55,0.02,0.03,0.0,0.0,0.01,0.0,0.1,noc,P10,P10-OR_202311N_NJ.json,0.11,1.0
132373,U Primasky,38.05,1126,1089,0.88,0.89,0.78,0.63,0.07,0.04,0.02,0.01,0.11,0.11,0.61,0.01,0.03,0.0,0.0,0.01,0.0,0.1,noc,P10,P10-OR_202311N_NJ.json,0.12,0.99
132381,Nad Olšinami,9.23,237,236,0.9,0.83,0.8,0.61,0.05,0.05,0.01,0.01,0.09,0.17,0.58,0.01,0.03,0.0,0.0,0.01,0.0,0.11,noc,P10,P10-OR_202311N_NJ.json,0.1,1.01
131873,Zahradní Město-východ,46.11,802,791,0.91,0.98,0.85,0.77,0.06,0.02,0.02,0.01,0.09,0.02,0.64,0.01,0.02,0.0,0.0,0.0,0.0,0.2,noc,P10,P10-OR_202311N_NJ.json,0.1,0.99
131920,Průběžná,46.05,971,953,0.88,0.76,0.77,0.55,0.03,0.05,0.01,0.01,0.09,0.24,0.49,0.0,0.03,0.0,0.0,0.0,0.0,0.12,noc,P10,P10-OR_202311N_NJ.json,0.1,0.98
131938,Rybníčky III,29.09,647,634,0.9,0.8,0.78,0.57,0.05,0.05,0.01,0.0,0.08,0.2,0.51,0.01,0.01,0.0,0.0,0.0,0.0,0.15,noc,P10,P10-OR_202311N_NJ.json,0.08,0.96
131946,Rybníčky I-II,30.3,859,841,0.88,0.76,0.78,0.52,0.07,0.04,0.02,0.0,0.09,0.24,0.52,0.01,0.02,0.0,0.0,0.0,0.0,0.1,noc,P10,P10-OR_202311N_NJ.json,0.09,0.98
131954,Solidarita,42.19,1037,1015,0.92,0.89,0.84,0.66,0.09,0.03,0.02,0.01,0.07,0.11,0.6,0.01,0.03,0.0,0.0,0.01,0.0,0.15,noc,P10,P10-OR_202311N_NJ.json,0.08,0.99
131971,Nové Strašnice,10.77,214,209,0.85,0.52,0.73,0.36,0.02,0.04,0.01,0.0,0.08,0.48,0.33,0.0,0.01,0.0,0.0,0.0,0.0,0.09,noc,P10,P10-OR_202311N_NJ.json,0.08,0.99
132179,Pod Bohdalcem,0.0,56,56,0.41,0.09,0.0,0.0,0.0,0.01,0.01,0.0,0.05,0.91,0.02,0.0,0.0,0.0,0.0,0.0,0.0,0.0,noc,P10,P10-OR_202311N_NJ.json,0.05,0.98
132187,Bohdalec-sever,3.2,128,124,0.8,0.45,0.67,0.3,0.0,0.01,0.03,0.01,0.09,0.55,0.24,0.0,0.03,0.0,0.0,0.01,0.0,0.08,noc,P10,P10-OR_202311N_NJ.json,0.1,1.01
132217,KOH-I-NOOR,0.04,214,209,0.84,0.84,0.72,0.4,0.2,0.06,0.03,0.0,0.14,0.16,0.55,0.03,0.05,0.0,0.0,0.0,0.0,0.07,noc,P10,P10-OR_202311N_NJ.json,0.14,1.0
132233,Vršovické nádraží,0.0,186,170,0.84,0.59,0.64,0.32,0.06,0.04,0.04,0.0,0.1,0.41,0.41,0.0,0.0,0.0,0.0,0.0,0.0,0.05,noc,P10,P10-OR_202311N_NJ.json,0.1,0.97
132241,Staré Vršovice,53.94,1192,1151,0.85,0.87,0.74,0.56,0.08,0.04,0.03,0.02,0.13,0.13,0.59,0.01,0.03,0.0,0.0,0.01,0.0,0.08,noc,P10,P10-OR_202311N_NJ.json,0.15,1.0
132250,Vršovice-střed,35.72,878,829,0.89,0.96,0.8,0.6,0.17,0.03,0.02,0.01,0.1,0.04,0.65,0.02,0.04,0.0,0.0,0.01,0.0,0.1,noc,P10,P10-OR_202311N_NJ.json,0.11,0.97
131890,Zahradní Město-střed,45.74,1387,1357,0.88,0.84,0.81,0.62,0.05,0.03,0.02,0.01,0.1,0.16,0.53,0.01,0.02,0.0,0.0,0.0,0.0,0.16,noc,P10,P10-OR_202311N_NJ.json,0.11,0.99
131792,Strašnice-Na Skalce,43.99,1078,1044,0.86,0.82,0.76,0.6,0.03,0.04,0.01,0.01,0.12,0.18,0.49,0.01,0.02,0.0,0.0,0.0,0.0,0.15,noc,P10,P10-OR_202311N_NJ.json,0.13,0.98
132098,Nové Zahradní Město,15.73,3,3,0.91,1.0,0.82,0.82,0.0,0.0,0.0,0.09,0.09,0.0,0.64,0.0,0.0,0.0,0.0,0.09,0.0,0.18,noc,P10,P10-OR_202311N_NJ.json,0.18,1.09
132101,Záběhlice-východ,22.81,403,389,0.87,0.89,0.78,0.63,0.07,0.02,0.03,0.01,0.12,0.11,0.5,0.01,0.03,0.0,0.0,0.01,0.0,0.2,noc,P10,P10-OR_202311N_NJ.json,0.13,0.99
131903,Zahradní Město-západ,32.46,756,734,0.89,0.87,0.78,0.63,0.05,0.04,0.02,0.01,0.1,0.13,0.56,0.02,0.01,0.0,0.0,0.0,0.0,0.14,noc,P10,P10-OR_202311N_NJ.json,0.11,0.97
132152,Michle-východ,6.25,143,138,0.77,0.6,0.64,0.38,0.0,0.04,0.02,0.01,0.14,0.4,0.35,0.01,0.03,0.0,0.0,0.0,0.0,0.05,noc,P10,P10-OR_202311N_NJ.json,0.15,0.99
132390,U Hagiboru,8.48,204,202,0.76,0.46,0.58,0.26,0.01,0.04,0.01,0.02,0.11,0.54,0.27,0.0,0.01,0.0,0.0,0.01,0.0,0.03,noc,P10,P10-OR_202311N_NJ.json,0.13,0.99
132411,Třebešín,18.67,888,876,0.85,0.65,0.71,0.41,0.05,0.04,0.02,0.01,0.1,0.35,0.4,0.01,0.02,0.0,0.0,0.01,0.0,0.08,noc,P10,P10-OR_202311N_NJ.json,0.11,0.98
132420,Květnická,14.32,305,296,0.91,0.91,0.81,0.68,0.06,0.02,0.02,0.01,0.08,0.09,0.58,0.01,0.03,0.0,0.0,0.0,0.0,0.15,noc,P10,P10-OR_202311N_NJ.json,0.09,0.95
132438,Nové Malešice,69.78,1201,1146,0.87,0.87,0.76,0.61,0.06,0.04,0.03,0.0,0.11,0.13,0.57,0.01,0.01,0.0,0.0,0.0,0.0,0.14,noc,P10,P10-OR_202311N_NJ.json,0.11,0.97
132322,Stadión Slavie,0.69,298,288,0.89,0.79,0.78,0.55,0.07,0.06,0.01,0.01,0.09,0.21,0.56,0.01,0.02,0.0,0.0,0.01,0.0,0.09,noc,P10,P10-OR_202311N_NJ.json,0.1,1.0
132331,Nové Vršovice,54.64,993,950,0.89,1.01,0.79,0.76,0.05,0.05,0.02,0.01,0.11,0.0,0.68,0.01,0.03,0.0,0.0,0.01,0.0,0.15,noc,P10,P10-OR_202311N_NJ.json,0.12,1.0
132349,Pod vinohradskou nemocnicí,24.24,414,401,0.88,0.82,0.79,0.58,0.07,0.04,0.02,0.01,0.09,0.18,0.57,0.01,0.03,0.0,0.0,0.01,0.0,0.1,noc,P10,P10-OR_202311N_NJ.json,0.1,1.0
132357,Vinohradská nemocnice,0.09,164,160,0.92,0.43,0.56,0.15,0.09,0.05,0.03,0.02,0.04,0.57,0.27,0.01,0.02,0.0,0.0,0.0,0.0,0.03,noc,P10,P10-OR_202311N_NJ.json,0.06,0.96
132128,Trnkov,1.15,133,133,0.9,0.52,0.8,0.36,0.05,0.03,0.0,0.0,0.05,0.48,0.32,0.0,0.01,0.0,0.0,0.0,0.0,0.11,noc,P10,P10-OR_202311N_NJ.json,0.05,0.97
132136,Na Slatinách,0.2,55,55,0.62,0.17,0.3,0.04,0.01,0.0,0.01,0.03,0.07,0.83,0.07,0.0,0.0,0.0,0.0,0.03,0.0,0.0,noc,P10,P10-OR_202311N_NJ.json,0.1,1.03
132446,U Nových Malešic,16.04,220,211,0.85,0.65,0.75,0.44,0.05,0.03,0.01,0.02,0.09,0.35,0.41,0.0,0.02,0.0,0.0,0.01,0.0,0.1,noc,P10,P10-OR_202311N_NJ.json,0.11,1.0
306568,Eden,19.91,230,222,0.92,0.76,0.82,0.56,0.07,0.02,0.03,0.0,0.06,0.24,0.53,0.01,0.04,0.0,0.0,0.0,0.0,0.1,noc,P10,P10-OR_202311N_NJ.json,0.06,0.98
131857,Záběhlice-průmyslový obvod,0.0,5,5,1.0,0.2,1.0,0.0,0.2,0.0,0.0,0.0,0.0,0.8,0.2,0.0,0.0,0.0,0.0,0.0,0.0,0.0,noc,P10,P10-OR_202311N_NJ.json,0.0,1.0
132110,Záběhlice-západ,47.14,953,931,0.83,0.61,0.73,0.42,0.03,0.02,0.02,0.0,0.1,0.39,0.38,0.0,0.02,0.0,0.0,0.0,0.0,0.09,noc,P10,P10-OR_202311N_NJ.json,0.1,0.98
132454,Staré Malešice,22.43,648,638,0.88,0.62,0.8,0.45,0.04,0.02,0.02,0.01,0.08,0.38,0.38,0.0,0.02,0.0,0.0,0.0,0.0,0.13,noc,P10,P10-OR_202311N_NJ.json,0.09,1.0
318396,Záběhlice-průmyslový obvod-jih,0.0,85,85,0.33,0.05,0.33,0.0,0.02,0.0,0.0,0.0,0.03,0.95,0.02,0.0,0.0,0.0,0.0,0.0,0.0,0.0,noc,P10,P10-OR_202311N_NJ.json,0.03,1.0
132195,Bohdalec-jih,15.78,345,344,0.83,0.59,0.73,0.42,0.01,0.03,0.01,0.01,0.1,0.41,0.38,0.0,0.02,0.0,0.0,0.01,0.0,0.07,noc,P10,P10-OR_202311N_NJ.json,0.11,1.0
132284,Vršovice-sever,37.7,489,464,0.84,1.05,0.75,0.72,0.07,0.03,0.02,0.02,0.17,0.0,0.68,0.02,0.04,0.0,0.0,0.01,0.0,0.1,noc,P10,P10-OR_202311N_NJ.json,0.19,1.04
131962,Zborov,22.64,527,513,0.88,0.9,0.76,0.54,0.14,0.05,0.03,0.01,0.11,0.1,0.63,0.01,0.01,0.0,0.0,0.0,0.0,0.11,noc,P10,P10-OR_202311N_NJ.json,0.12,0.98
132161,Bohdalecké kolonie,1.6,156,125,0.54,0.59,0.43,0.25,0.0,0.02,0.01,0.01,0.27,0.41,0.22,0.0,0.0,0.0,0.0,0.01,0.0,0.06,noc,P10,P10-OR_202311N_NJ.json,0.28,0.98
132225,Vršovice-u Botiče,43.8,1070,1030,0.82,0.76,0.71,0.48,0.06,0.03,0.02,0.01,0.13,0.24,0.49,0.0,0.01,0.0,0.0,0.0,0.0,0.08,noc,P10,P10-OR_202311N_NJ.json,0.14,0.96
132276,Francouzská-Voroněžská,5.39,98,95,0.8,0.84,0.6,0.4,0.1,0.09,0.02,0.05,0.17,0.16,0.5,0.01,0.05,0.0,0.0,0.02,0.0,0.04,noc,P10,P10-OR_202311N_NJ.json,0.22,1.0
132306,Hradešínská,11.03,873,850,0.85,0.89,0.72,0.48,0.16,0.06,0.03,0.01,0.13,0.11,0.59,0.01,0.04,0.0,0.0,0.01,0.0,0.08,noc,P10,P10-OR_202311N_NJ.json,0.14,0.98
317454,U Zborova,6.08,83,79,0.86,0.98,0.79,0.68,0.1,0.02,0.03,0.01,0.14,0.02,0.72,0.0,0.0,0.0,0.0,0.0,0.0,0.1,noc,P10,P10-OR_202311N_NJ.json,0.15,0.99
305863,Nové Butovice-západ,44.28,22,20,0.4,0.88,0.0,0.0,0.0,0.0,0.0,0.35,0.53,0.12,0.0,0.0,0.0,0.0,0.0,0.0,0.0,0.0,den,P13,P13-OR_202311D_NJ.json,0.88,1.0
316440,Nové Butovice-východ,42.1,38,35,0.56,0.5,0.0,0.0,0.0,0.0,0.0,0.28,0.22,0.5,0.0,0.0,0.0,0.0,0.0,0.0,0.0,0.0,den,P13,P13-OR_202311D_NJ.json,0.5,1.0
324868,Radotín-Pod Velkým hájem,20.67,20,18,0.54,0.82,0.0,0.0,0.0,0.0,0.0,0.43,0.38,0.18,0.0,0.0,0.0,0.0,0.0,0.0,0.0,0.0,den,P16,P16-OR_202311D_NJ.json,0.81,0.99
131440,Letňany-sever,5.32,71,67,0.83,0.73,0.74,0.53,0.01,0.01,0.0,0.02,0.12,0.27,0.48,0.01,0.0,0.0,0.0,0.0,0.0,0.04,den,P18,P18-OR_202311D_NJ.json,0.14,0.94
131431,Staré Letňany,37.4,1004,960,0.88,0.61,0.76,0.41,0.05,0.02,0.0,0.03,0.07,0.39,0.38,0.01,0.02,0.01,0.0,0.01,0.01,0.07,den,P18,P18-OR_202311D_NJ.json,0.11,1.01
131415,Letňany-západ,1.75,63,63,0.61,0.18,0.24,0.04,0.0,0.0,0.03,0.03,0.07,0.82,0.07,0.0,0.0,0.0,0.0,0.01,0.0,0.0,den,P18,P18-OR_202311D_NJ.json,0.1,1.0
306398,Nové Letňany,110.53,2344,2255,0.9,0.74,0.81,0.55,0.05,0.02,0.0,0.02,0.07,0.26,0.47,0.0,0.02,0.0,0.0,0.01,0.0,0.13,den,P18,P18-OR_202311D_NJ.json,0.09,0.98
305995,Letňany-u Střížkova,13.47,108,107,0.89,0.48,0.7,0.27,0.07,0.05,0.02,0.02,0.05,0.52,0.33,0.0,0.02,0.0,0.0,0.0,0.0,0.05,den,P18,P18-OR_202311D_NJ.json,0.07,0.99
131440,Letňany-sever,5.32,71,67,0.85,0.89,0.79,0.68,0.01,0.0,0.0,0.02,0.13,0.11,0.63,0.01,0.0,0.0,0.0,0.0,0.0,0.05,noc,P18,P18-OR_202311N_NJ.json,0.15,0.95
131431,Staré Letňany,37.4,1004,960,0.9,0.7,0.82,0.5,0.07,0.02,0.0,0.01,0.07,0.3,0.47,0.01,0.02,0.0,0.0,0.01,0.0,0.08,noc,P18,P18-OR_202311N_NJ.json,0.08,0.97
131415,Letňany-západ,1.75,63,63,0.63,0.12,0.37,0.05,0.0,0.0,0.03,0.0,0.04,0.88,0.08,0.0,0.0,0.0,0.0,0.0,0.0,0.0,noc,P18,P18-OR_202311N_NJ.json,0.04,1.0
306398,Nové Letňany,110.53,2344,2255,0.91,0.85,0.85,0.66,0.06,0.02,0.0,0.01,0.07,0.15,0.58,0.0,0.02,0.0,0.0,0.01,0.0,0.13,noc,P18,P18-OR_202311N_NJ.json,0.08,0.97
305995,Letňany-u Střížkova,13.47,108,107,0.89,0.52,0.75,0.31,0.08,0.04,0.01,0.01,0.06,0.48,0.38,0.0,0.03,0.0,0.0,0.0,0.0,0.04,noc,P18,P18-OR_202311N_NJ.json,0.07,1.0
173428,Uhříněves,76.87,131,120,0.3,0.4,0.0,0.0,0.0,0.0,0.0,0.11,0.28,0.6,0.0,0.0,0.0,0.0,0.0,0.0,0.0,0.0,den,P22,P22-OR_202311D_NJ.json,0.39,0.99
